word1	word2	pos	label	score	fold
mascara	lipstick	N	cohyp	0.71	train
nylon	cotton	N	cohyp	0.82	train
monkey	humor	N	no-rel	0.50	train
breast	turkey	N	mero	1.08	train
soil	earth	N	hyp-1	4.10	train
galosh	rubber	N	syn	1.92	train
highway	road	N	hyp-1	5.80	train
veal	meat	N	hyp-1	5.86	train
ceremony	blade	N	no-rel	0.55	train
victor	winner	N	syn	3.69	train
nose	face	N	cohyp	1.00	train
math	domain	N	hyp-3	1.00	train
casket	box	N	hyp-1	5.00	train
letter	alphabet	N	mero	2.45	train
oat	cereal	N	hyp-1	5.09	train
jewelry	ring	N	r-hyp-1	1.67	train
tortoise	animal	N	hyp-4	5.92	train
volleyball	game	N	hyp-3	5.83	train
shape	triangle	N	r-hyp-4	0.77	train
timber	lumber	N	syn	3.83	train
goo	muck	N	syn	3.42	train
gossip	rumor	N	hyp-1	3.00	train
body	corpse	N	r-hyp-1	2.25	train
eye	face	N	mero	1.20	train
lecture	speech	N	hyp-1	5.18	train
guitar	instrument	N	hyp-2	5.92	train
horn	goat	N	mero	0.60	train
creek	water	N	hyp-2	2.83	train
ledge	shelf	N	syn	4.30	train
mission	duty	N	hyp-2	4.44	train
calculus	trigonometry	N	cohyp	0.77	train
vehicle	motorcycle	N	r-hyp-4	1.09	train
melody	tune	N	syn	5.42	train
head	body	N	mero	1.69	train
shell	turtle	N	mero	0.90	train
stud	bull	N	cohyp	3.36	train
point	pencil	N	mero	0.58	train
car	vehicle	N	hyp-4	6.00	train
chicken	food	N	hyp-4	5.31	train
tissue	organ	N	cohyp	2.77	train
fabric	cotton	N	r-hyp-1	1.36	train
keyboard	piano	N	mero	4.25	train
human	encyclopedia	N	no-rel	0.90	train
joke	humor	N	hyp-1	4.17	train
control	experiment	N	mero	2.62	train
pike	spike	N	cohyp	3.42	train
repentance	guilt	N	cohyp	3.25	train
blade	knife	N	mero	3.31	train
television	medium	N	hyp-3	5.29	train
defense	offense	N	ant	2.15	train
christian	church	N	mero	2.50	train
leak	hole	N	hyp-1	1.50	train
wound	injury	N	hyp-1	5.46	train
police	authority	N	hyp-2	5.00	train
car	limousine	N	r-hyp-1	1.17	train
home	location	N	hyp-4	5.40	train
drawing	sketch	N	r-hyp-1	3.70	train
recreation	sport	N	r-hyp-1	2.46	train
freckle	spot	N	hyp-2	4.83	train
pork	pig	N	mero	2.00	train
letter	writing	N	hyp-3	2.36	train
atom	mythology	N	no-rel	0.21	train
cat	appearance	N	no-rel	0.60	train
rectangle	shape	N	hyp-4	5.85	train
mark	sign	N	syn	3.23	train
feature	face	N	mero	1.18	train
letter	character	N	hyp-1	4.54	train
flesh	human	N	mero	1.00	train
mom	parent	N	hyp-2	5.83	train
flour	dough	N	mero	0.18	train
neck	stream	N	no-rel	0.18	train
fork	fashion	N	no-rel	0.25	train
dagger	knife	N	hyp-1	5.78	train
field	stadium	N	mero	2.90	train
fireplace	chimney	N	mero	1.64	train
sight	vision	N	syn	4.33	train
hamburger	bird	N	no-rel	0.09	train
geyser	fountain	N	hyp-1	4.60	train
reaction	effect	N	hyp-2	4.77	train
lobby	building	N	mero	1.15	train
olive	pickle	N	cohyp	1.00	train
concert	performance	N	hyp-1	5.69	train
flower	plant	N	hyp-4	5.67	train
scoop	shovel	N	hyp-1	4.18	train
lunch	supper	N	cohyp	0.45	train
death	birth	N	ant	0.46	train
homework	work	N	hyp-4	4.92	train
chain	lock	N	cohyp	1.31	train
opinion	thought	N	hyp-1	4.57	train
sofa	chair	N	cohyp	3.38	train
toenail	toe	N	mero	0.77	train
disease	cancer	N	r-hyp-3	0.85	train
mason	worker	N	hyp-3	4.50	train
broth	soup	N	hyp-1	4.70	train
creator	artist	N	r-hyp-1	2.79	train
pastry	dough	N	hyp-1	3.00	train
sentence	judgment	N	hyp-2	4.33	train
cavern	cave	N	hyp-1	5.08	train
barley	herb	N	hyp-4	1.30	train
guide	book	N	hyp-3	4.64	train
contact	lens	N	hyp-1	3.92	train
vehicle	utensil	N	no-rel	0.57	train
waterfall	tennis	N	no-rel	0.42	train
baseball	sport	N	hyp-4	5.85	train
sample	example	N	hyp-1	3.86	train
explorer	navigator	N	r-hyp-1	4.58	train
mitten	glove	N	hyp-1	4.08	train
suitcase	bag	N	syn	5.67	train
trout	fish	N	hyp-1	6.00	train
innocence	grape	N	no-rel	0.18	train
club	group	N	hyp-4	4.92	train
quill	fleet	N	no-rel	0.38	train
portion	percentage	N	syn	4.50	train
water	liquid	N	hyp-1	5.85	train
building	construction	N	syn	5.58	train
mattress	addition	N	no-rel	0.10	train
puberty	period	N	hyp-2	3.30	train
courage	bravery	N	syn	4.31	train
meter	unit	N	hyp-3	4.90	train
pecan	nut	N	hyp-2	5.93	train
wrestling	sport	N	hyp-2	5.31	train
appliance	oven	N	r-hyp-3	0.80	train
virtue	landscape	N	no-rel	0.08	train
funeral	ceremony	N	hyp-1	5.60	train
medicine	tablet	N	r-hyp-2	1.08	train
mouse	rat	N	cohyp	1.33	train
damage	harm	N	syn	4.38	train
ritual	event	N	hyp-4	4.64	train
width	height	N	cohyp	1.14	train
mosquito	insect	N	hyp-2	5.36	train
hen	chicken	N	hyp-1	5.67	train
silence	sound	N	ant	2.90	train
handbag	bowl	N	no-rel	0.00	train
server	waiter	N	syn	4.77	train
helium	gas	N	hyp-2	6.00	train
globe	sphere	N	hyp-1	5.08	train
mud	religion	N	no-rel	0.08	train
step	stairway	N	mero	3.57	train
maid	servant	N	hyp-2	5.29	train
stone	rock	N	syn	4.46	train
groom	wedding	N	mero	1.27	train
murderer	killer	N	hyp-1	5.90	train
maker	producer	N	r-hyp-1	3.15	train
dog	animal	N	hyp-2	5.77	train
hour	life	N	cohyp	1.91	train
bread	sandwich	N	mero	1.31	train
keg	container	N	hyp-3	5.80	train
cookie	food	N	hyp-3	5.93	train
sculpture	art	N	hyp-2	5.62	train
lesson	instruction	N	hyp-1	5.50	train
cement	stone	N	cohyp	3.82	train
assignment	homework	N	r-hyp-2	5.00	train
crab	seafood	N	hyp-2	6.00	train
professional	professor	N	r-hyp-3	2.18	train
headache	pain	N	hyp-2	5.92	train
hazard	risk	N	syn	3.83	train
incense	odor	N	hyp-2	4.40	train
movement	activity	N	hyp-4	4.69	train
understanding	knowledge	N	hyp-3	4.36	train
scene	movie	N	mero	2.00	train
incense	aroma	N	hyp-1	4.73	train
surgery	vacation	N	no-rel	0.55	train
politics	government	N	syn	2.11	train
thought	reflection	N	r-hyp-2	3.00	train
dungeon	cell	N	hyp-1	3.92	train
chain	bandage	N	no-rel	0.43	train
philosophy	study	N	hyp-2	4.83	train
appliance	washer	N	r-hyp-3	0.69	train
appliance	refrigerator	N	r-hyp-3	1.50	train
movement	motion	N	syn	4.92	train
force	power	N	hyp-2	3.18	train
mole	animal	N	hyp-4	5.80	train
jewel	ring	N	cohyp	2.42	train
slime	goo	N	syn	4.20	train
satan	devil	N	syn	5.38	train
craft	knitting	N	r-hyp-2	1.82	train
ecstasy	feeling	N	hyp-3	5.40	train
plaque	memorial	N	hyp-1	4.33	train
payment	rent	N	r-hyp-4	2.42	train
thesis	statement	N	hyp-4	3.70	train
jigsaw	tool	N	hyp-3	4.67	train
destiny	fate	N	syn	4.29	train
eagle	bird	N	hyp-2	5.90	train
chisel	tool	N	hyp-4	5.85	train
hundred	amount	N	hyp-4	4.80	train
plum	tree	N	hyp-3	3.75	train
poet	person	N	hyp-3	4.67	train
silk	cotton	N	cohyp	1.30	train
assignment	task	N	hyp-1	5.60	train
supper	dinosaur	N	no-rel	0.14	train
class	group	N	hyp-2	4.08	train
diamond	gem	N	hyp-1	5.67	train
wall	barrier	N	hyp-2	5.36	train
mug	cup	N	cohyp	5.58	train
vacation	holiday	N	syn	5.10	train
caffeine	problem	N	no-rel	2.08	train
heel	foot	N	mero	1.31	train
rabbit	food	N	hyp-3	3.50	train
rear	front	N	ant	0.58	train
golf	game	N	hyp-3	5.00	train
dime	penny	N	cohyp	1.54	train
effect	reaction	N	r-hyp-2	2.08	train
quail	animal	N	hyp-4	5.46	train
shutter	camera	N	mero	0.20	train
almanac	book	N	hyp-3	5.54	train
duty	service	N	cohyp	2.69	train
galaxy	universe	N	mero	2.23	train
statue	art	N	hyp-3	5.69	train
starboard	port	N	ant	1.92	train
drawer	bureau	N	mero	1.31	train
purse	waiter	N	no-rel	0.23	train
drawer	dresser	N	mero	2.08	train
hostage	captive	N	hyp-1	5.58	train
scene	picture	N	syn	3.60	train
credit	blackberry	N	no-rel	0.09	train
group	gang	N	r-hyp-4	3.40	train
wife	ring	N	no-rel	0.10	train
lease	contract	N	hyp-1	4.92	train
puppy	animal	N	hyp-3	5.30	train
elk	deer	N	hyp-1	3.54	train
science	geology	N	r-hyp-3	0.33	train
stud	horse	N	hyp-3	3.46	train
veal	food	N	hyp-2	5.38	train
shape	sphere	N	r-hyp-2	1.54	train
milk	butter	N	cohyp	1.31	train
phone	device	N	hyp-4	5.54	train
caption	heading	N	hyp-3	3.00	train
barrel	gun	N	mero	1.46	train
knuckle	finger	N	mero	1.69	train
agency	group	N	hyp-4	3.69	train
land	domain	N	hyp-1	3.54	train
athlete	jock	N	syn	4.22	train
banana	fruit	N	hyp-2	5.83	train
hinge	gate	N	mero	1.79	train
restroom	communication	N	no-rel	0.14	train
reptile	alligator	N	r-hyp-3	0.20	train
way	direction	N	syn	4.00	train
elephant	animal	N	hyp-4	5.90	train
cabbage	vegetable	N	hyp-2	5.91	train
message	note	N	r-hyp-3	3.64	train
cotton	fabric	N	hyp-1	5.64	train
crook	burglar	N	r-hyp-2	2.50	train
leather	suede	N	r-hyp-1	2.17	train
caravan	vehicle	N	hyp-4	5.00	train
staff	school	N	mero	0.45	train
wasp	bee	N	cohyp	2.21	train
store	shop	N	syn	4.00	train
kiwi	fruit	N	hyp-2	6.00	train
rum	alcohol	N	hyp-2	5.62	train
tongue	mouth	N	mero	0.45	train
tutu	skirt	N	hyp-1	4.20	train
horse	team	N	no-rel	0.36	train
architecture	water	N	no-rel	0.00	train
hint	suggestion	N	hyp-1	5.25	train
kite	bird	N	hyp-3	2.92	train
anteater	animal	N	hyp-4	5.86	train
pea	vegetable	N	hyp-2	4.71	train
ice	glacier	N	mero	2.15	train
chalk	crayon	N	cohyp	0.77	train
journal	notebook	N	cohyp	3.91	train
mouth	face	N	mero	1.82	train
witch	woman	N	hyp-2	3.25	train
society	group	N	hyp-2	4.36	train
pavement	surface	N	hyp-3	5.15	train
sculpture	drawing	N	cohyp	0.69	train
winner	loser	N	ant	0.33	train
fin	fish	N	mero	0.33	train
siren	signal	N	hyp-2	4.92	train
home	palace	N	r-hyp-3	1.77	train
leg	arm	N	cohyp	0.57	train
nucleus	cell	N	mero	1.23	train
disbelief	belief	N	ant	3.00	train
brother	relation	N	hyp-3	5.69	train
caffeine	coffee	N	mero	1.46	train
autumn	season	N	hyp-1	5.86	train
parsley	sage	N	cohyp	0.43	train
six	number	N	hyp-3	6.00	train
saxophone	instrument	N	hyp-4	6.00	train
rabbit	synagogue	N	no-rel	0.08	train
bug	insect	N	hyp-1	5.36	train
parent	relation	N	hyp-4	5.56	train
parsley	food	N	hyp-4	5.25	train
newspaper	officer	N	no-rel	0.15	train
stalk	stem	N	syn	4.00	train
courage	grit	N	r-hyp-2	3.00	train
geology	thought	N	no-rel	1.38	train
skyscraper	meeting	N	no-rel	0.27	train
professor	faculty	N	mero	3.77	train
curve	superstition	N	no-rel	0.36	train
biology	study	N	hyp-4	5.54	train
governor	politician	N	hyp-1	4.85	train
twelve	dozen	N	syn	5.00	train
hypothesis	theory	N	mero	3.60	train
quilt	blanket	N	cohyp	4.77	train
coat	fireplace	N	no-rel	0.29	train
empathy	feeling	N	hyp-2	5.31	train
diamond	crystal	N	hyp-3	3.92	train
doctor	surgeon	N	r-hyp-1	2.43	train
berry	cherry	N	cohyp	1.25	train
circle	line	N	cohyp	2.20	train
activity	movement	N	r-hyp-4	3.75	train
gang	group	N	hyp-4	5.55	train
medicine	drug	N	hyp-1	3.83	train
dish	food	N	hyp-2	1.15	train
wart	mole	N	cohyp	2.58	train
lemon	fruit	N	hyp-3	6.00	train
flower	offense	N	no-rel	0.38	train
pavement	road	N	mero	3.44	train
river	lord	N	no-rel	0.10	train
poet	writer	N	hyp-1	5.70	train
snail	courage	N	no-rel	0.15	train
night	day	N	ant	1.42	train
football	basketball	N	cohyp	0.86	train
spatula	utensil	N	hyp-4	5.85	train
dictator	ruler	N	hyp-1	5.92	train
meaning	nonsense	N	cohyp	0.73	train
tip	point	N	hyp-2	3.55	train
intellect	knowledge	N	hyp-3	3.64	train
follower	leader	N	ant	0.33	train
doughnut	food	N	hyp-4	5.82	train
commercial	advertisement	N	hyp-1	5.23	train
human	man	N	syn	1.85	train
leadership	ability	N	hyp-1	5.08	train
pill	drug	N	hyp-3	4.15	train
essay	paragraph	N	cohyp	1.43	train
chemistry	science	N	hyp-2	6.00	train
drawer	desk	N	mero	0.62	train
father	ancestor	N	hyp-4	3.90	train
lung	organ	N	hyp-3	5.75	train
lot	quantity	N	hyp-3	5.00	train
alley	street	N	hyp-1	5.36	train
corporation	business	N	hyp-2	5.38	train
rummy	game	N	hyp-2	5.17	train
eyebrow	face	N	mero	0.29	train
diamond	pearl	N	cohyp	0.45	train
vanilla	flavor	N	hyp-1	5.69	train
heroine	woman	N	hyp-1	4.85	train
monument	memorial	N	syn	5.25	train
chimpanzee	primate	N	hyp-4	6.00	train
meaning	liberty	N	no-rel	0.67	train
bread	food	N	hyp-3	5.42	train
vocabulary	speech	N	mero	4.15	train
tangerine	nucleus	N	no-rel	0.31	train
person	proprietor	N	r-hyp-4	2.23	train
north	direction	N	hyp-3	5.29	train
sardine	food	N	hyp-3	5.70	train
tornado	typhoon	N	cohyp	2.85	train
cod	fish	N	hyp-4	5.54	train
kitchen	bedroom	N	cohyp	0.79	train
gravel	stone	N	hyp-1	5.00	train
hero	villain	N	cohyp	0.80	train
term	period	N	hyp-1	4.27	train
square	shape	N	hyp-4	5.50	train
limb	tree	N	mero	0.91	train
lava	rock	N	hyp-3	3.07	train
carpenter	worker	N	hyp-4	5.73	train
rent	payment	N	hyp-4	4.55	train
book	atlas	N	r-hyp-2	0.82	train
anatomy	science	N	hyp-4	5.50	train
power	clay	N	no-rel	0.33	train
onion	food	N	hyp-3	5.92	train
gender	sex	N	syn	3.45	train
fraternity	group	N	hyp-3	5.23	train
puberty	youth	N	cohyp	3.58	train
squash	meaning	N	no-rel	0.15	train
elephant	lecture	N	no-rel	0.17	train
goose	turkey	N	cohyp	0.46	train
tractor	truck	N	hyp-1	3.67	train
recliner	furniture	N	hyp-4	5.46	train
quill	porcupine	N	mero	1.46	train
lace	shoe	N	mero	1.08	train
intelligence	knowledge	N	hyp-2	2.69	train
cabbage	food	N	hyp-4	6.00	train
child	family	N	mero	2.73	train
product	harbor	N	no-rel	0.38	train
niece	son	N	no-rel	0.25	train
subtraction	addition	N	ant	0.92	train
politician	governor	N	r-hyp-1	2.21	train
semester	hour	N	cohyp	0.45	train
disorder	order	N	ant	1.92	train
chili	pepper	N	hyp-2	5.00	train
sport	volleyball	N	r-hyp-3	0.38	train
gin	liquor	N	hyp-1	5.85	train
cat	animal	N	hyp-4	6.00	train
circle	shape	N	hyp-4	6.00	train
pitcher	container	N	hyp-2	5.08	train
lion	tiger	N	cohyp	1.27	train
insurance	safety	N	hyp-3	3.33	train
test	exam	N	syn	5.33	train
jug	container	N	hyp-3	5.42	train
diary	journal	N	syn	5.00	train
raccoon	animal	N	hyp-4	5.73	train
lieutenant	captain	N	cohyp	1.50	train
atom	matter	N	hyp-2	5.62	train
dilemma	confusion	N	hyp-2	3.54	train
marriage	ritual	N	hyp-1	4.31	train
discipline	punishment	N	hyp-1	4.62	train
clam	seafood	N	hyp-2	5.60	train
clam	mussel	N	cohyp	3.38	train
pavement	sidewalk	N	mero	4.15	train
bang	noise	N	hyp-1	5.46	train
squad	team	N	syn	5.64	train
steel	blade	N	syn	2.80	train
arrow	wound	N	no-rel	0.30	train
amateur	expert	N	cohyp	0.85	train
executive	person	N	hyp-3	4.91	train
mayor	person	N	hyp-3	4.00	train
drawing	painting	N	cohyp	2.00	train
fox	animal	N	hyp-4	5.92	train
prom	party	N	hyp-3	5.42	train
captain	officer	N	hyp-3	4.93	train
tip	pencil	N	mero	0.30	train
destiny	sailor	N	no-rel	0.08	train
passage	grasshopper	N	no-rel	0.00	train
truck	vehicle	N	hyp-4	5.54	train
almond	peanut	N	cohyp	1.20	train
education	school	N	r-hyp-1	2.00	train
cleaner	soap	N	r-hyp-1	1.73	train
destiny	dress	N	no-rel	0.15	train
bumper	car	N	mero	1.42	train
lodge	inn	N	syn	4.15	train
driver	antler	N	no-rel	0.15	train
jewel	gem	N	syn	4.08	train
green	blue	N	cohyp	0.73	train
motorcycle	bike	N	syn	5.40	train
screw	nail	N	cohyp	1.30	train
decade	era	N	cohyp	4.71	train
sketch	drawing	N	hyp-1	5.10	train
cure	treatment	N	mero	3.58	train
weight	quantity	N	hyp-2	4.46	train
trauma	condition	N	hyp-2	4.50	train
zero	number	N	hyp-3	5.82	train
beginning	end	N	ant	1.54	train
primate	animal	N	hyp-4	5.00	train
catastrophe	tragedy	N	syn	4.71	train
professor	staff	N	mero	4.55	train
girl	woman	N	hyp-1	4.70	train
bed	furniture	N	hyp-2	5.85	train
trip	journey	N	hyp-1	5.33	train
bracelet	necklace	N	cohyp	0.93	train
parent	family	N	mero	4.00	train
head	foot	N	ant	0.33	train
time	era	N	r-hyp-2	2.82	train
spy	agent	N	hyp-2	4.80	train
company	organization	N	hyp-2	5.50	train
weapon	gun	N	r-hyp-1	2.17	train
lemon	citrus	N	hyp-1	5.64	train
excise	tax	N	hyp-2	3.90	train
snake	weakness	N	no-rel	1.08	train
hypothesis	pool	N	no-rel	0.36	train
leopard	tiger	N	cohyp	0.69	train
dusk	evening	N	mero	4.67	train
strawberry	blueberry	N	cohyp	0.85	train
son	child	N	hyp-2	5.36	train
bunch	group	N	hyp-3	4.92	train
magazine	newspaper	N	cohyp	2.38	train
homework	instruction	N	mero	1.92	train
dagger	weapon	N	hyp-2	5.91	train
fabric	silk	N	r-hyp-1	1.23	train
migraine	headache	N	hyp-1	5.15	train
flame	pleasure	N	no-rel	0.55	train
liver	heart	N	cohyp	0.33	train
beer	liquid	N	hyp-4	5.38	train
four	number	N	hyp-3	5.69	train
tenor	loser	N	no-rel	0.10	train
winter	summer	N	cohyp	0.55	train
gauge	sidewalk	N	no-rel	0.67	train
ring	jewelry	N	hyp-1	6.00	train
sea	water	N	hyp-1	4.70	train
crest	peak	N	syn	3.58	train
mass	ceremony	N	hyp-2	4.93	train
politician	senator	N	r-hyp-2	1.78	train
uncle	aunt	N	ant	0.17	train
blessing	approval	N	syn	5.20	train
product	sum	N	cohyp	3.23	train
goose	bird	N	hyp-4	5.54	train
violin	instrument	N	hyp-3	5.92	train
sapphire	gem	N	hyp-2	5.92	train
instrument	tuba	N	r-hyp-2	0.33	train
army	democracy	N	no-rel	0.92	train
force	gravity	N	r-hyp-2	2.15	train
writer	poet	N	r-hyp-1	2.33	train
school	education	N	hyp-1	4.75	train
intestine	liver	N	cohyp	0.85	train
boulevard	street	N	hyp-1	5.17	train
death	end	N	hyp-1	5.00	train
formula	equation	N	cohyp	3.62	train
athlete	runner	N	r-hyp-1	2.20	train
aura	light	N	hyp-1	3.69	train
toilet	bathroom	N	mero	2.50	train
pill	medication	N	hyp-2	4.70	train
man	primate	N	hyp-2	5.67	train
bed	bedroom	N	mero	0.18	train
head	arrow	N	mero	1.00	train
faith	loyalty	N	hyp-1	3.85	train
cancer	disease	N	hyp-3	5.92	train
sitting	standing	N	cohyp	0.15	train
lunch	food	N	hyp-3	3.69	train
condition	state	N	hyp-1	2.55	train
knee	joint	N	hyp-3	5.33	train
chemist	scientist	N	hyp-1	4.54	train
author	creator	N	hyp-2	5.50	train
chain	bond	N	hyp-2	4.25	train
navigator	explorer	N	hyp-1	4.08	train
frog	animal	N	hyp-4	5.92	train
present	future	N	cohyp	0.62	train
wolf	creature	N	hyp-4	5.36	train
volleyball	activity	N	hyp-4	4.86	train
knitting	craft	N	hyp-2	5.80	train
symptom	orchid	N	no-rel	0.08	train
glacier	iceberg	N	cohyp	3.90	train
therapy	treatment	N	hyp-2	5.50	train
physiology	study	N	hyp-4	5.14	train
loft	house	N	mero	2.46	train
position	location	N	hyp-2	4.38	train
grove	group	N	hyp-4	2.15	train
antidote	drug	N	hyp-3	4.75	train
hearing	sight	N	cohyp	1.00	train
person	people	N	mero	3.80	train
soda	liquid	N	hyp-3	5.90	train
soda	beverage	N	hyp-2	5.71	train
north	south	N	cohyp	0.54	train
maximum	extremity	N	hyp-2	3.56	train
parade	march	N	cohyp	4.62	train
shelf	cabinet	N	mero	1.31	train
blockade	barrier	N	cohyp	5.90	train
ankle	joint	N	hyp-3	5.08	train
suggestion	idea	N	hyp-1	5.10	train
instrument	trumpet	N	r-hyp-3	1.64	train
glove	mitten	N	r-hyp-1	1.85	train
pizza	food	N	hyp-3	6.00	train
twilight	evening	N	mero	3.92	train
warehouse	storage	N	hyp-1	4.77	train
abundance	scarcity	N	ant	2.14	train
pail	bucket	N	syn	4.00	train
paper	material	N	hyp-1	5.58	train
plum	pear	N	cohyp	0.18	train
squash	game	N	hyp-3	5.45	train
sorrow	joy	N	ant	0.60	train
copper	wallet	N	no-rel	0.15	train
failure	success	N	ant	1.46	train
solution	mixture	N	hyp-1	3.91	train
couple	pair	N	hyp-1	5.45	train
possum	animal	N	hyp-4	5.93	train
amount	quantity	N	syn	4.70	train
soccer	sport	N	hyp-3	5.92	train
prison	jail	N	cohyp	5.38	train
seafood	mussel	N	r-hyp-2	0.60	train
myth	legend	N	cohyp	3.77	train
cavity	tooth	N	cohyp	1.36	train
camera	anatomy	N	no-rel	0.23	train
legislature	legion	N	no-rel	0.46	train
restriction	rule	N	hyp-1	5.18	train
sincerity	honesty	N	hyp-2	4.79	train
maximum	limit	N	hyp-1	3.82	train
protein	milk	N	mero	1.14	train
wolf	animal	N	hyp-4	5.92	train
column	line	N	hyp-2	2.77	train
potato	tomato	N	cohyp	0.18	train
recliner	seat	N	hyp-3	4.73	train
attic	house	N	mero	0.86	train
music	sound	N	hyp-1	5.64	train
strawberry	food	N	hyp-4	5.46	train
rectangle	square	N	r-hyp-1	1.85	train
owl	bird	N	hyp-2	6.00	train
supermarket	grocery	N	hyp-1	2.36	train
frog	toad	N	syn	1.36	train
section	unit	N	hyp-2	3.60	train
evidence	answer	N	no-rel	3.31	train
rim	wheel	N	mero	1.64	train
package	envelope	N	cohyp	1.92	train
snail	animal	N	hyp-4	5.17	train
blast	explosion	N	hyp-1	5.00	train
parent	ancestor	N	hyp-3	4.20	train
robin	bird	N	hyp-4	6.00	train
vest	sweater	N	cohyp	3.50	train
tuxedo	dress	N	hyp-2	2.20	train
fluid	keyboard	N	no-rel	0.00	train
orange	tree	N	hyp-4	2.82	train
person	reader	N	r-hyp-2	2.00	train
conference	meeting	N	hyp-1	5.54	train
ant	insect	N	hyp-2	6.00	train
engagement	commitment	N	hyp-2	5.33	train
helmet	pocket	N	no-rel	0.40	train
moth	butterfly	N	cohyp	2.57	train
employee	worker	N	hyp-1	5.91	train
oak	wood	N	hyp-1	5.54	train
cannon	gun	N	hyp-1	3.91	train
copper	brass	N	mero	2.38	train
patience	impatience	N	ant	2.43	train
committee	group	N	hyp-4	5.10	train
waitress	server	N	hyp-1	5.69	train
dolphin	mammal	N	hyp-4	5.38	train
editorial	newspaper	N	mero	2.00	train
sword	weapon	N	hyp-1	5.69	train
human	animal	N	hyp-4	5.27	train
beam	support	N	hyp-2	5.57	train
feeling	jealousy	N	r-hyp-4	1.45	train
opponent	chorus	N	no-rel	0.17	train
suede	leather	N	hyp-1	4.36	train
race	competition	N	hyp-1	5.14	train
cliff	drop	N	syn	2.92	train
cobbler	pie	N	hyp-1	3.29	train
brown	green	N	cohyp	0.77	train
substance	water	N	r-hyp-4	1.27	train
twilight	dusk	N	syn	4.09	train
horn	bull	N	mero	0.67	train
digit	number	N	hyp-2	4.17	train
pane	window	N	mero	2.08	train
husband	spouse	N	hyp-1	5.73	train
skin	hair	N	cohyp	1.17	train
contract	document	N	hyp-3	5.83	train
joker	card	N	hyp-2	5.55	train
four	two	N	cohyp	0.27	train
repentance	sorrow	N	hyp-2	3.42	train
trauma	injury	N	syn	5.00	train
silk	material	N	hyp-1	5.92	train
limousine	migraine	N	no-rel	0.15	train
trigonometry	algebra	N	cohyp	1.85	train
mother	adult	N	hyp-3	5.00	train
plaything	toy	N	syn	3.40	train
ape	beast	N	hyp-4	5.09	train
vegetable	spinach	N	r-hyp-1	0.33	train
clue	hint	N	syn	4.46	train
education	empire	N	no-rel	1.00	train
father	fiddle	N	no-rel	0.31	train
dime	nickel	N	cohyp	0.43	train
crook	sickness	N	no-rel	1.17	train
vault	summit	N	no-rel	0.79	train
extremity	leg	N	r-hyp-2	2.08	train
nomad	person	N	hyp-3	5.18	train
jack	card	N	hyp-3	5.20	train
princess	status	N	no-rel	4.64	train
stick	stalk	N	hyp-3	1.80	train
murderer	thief	N	cohyp	2.00	train
foundation	base	N	syn	4.62	train
chess	game	N	hyp-3	5.62	train
god	being	N	hyp-4	4.78	train
existence	life	N	r-hyp-1	4.00	train
meal	pen	N	no-rel	0.10	train
camel	animal	N	hyp-4	6.00	train
fungus	kindness	N	no-rel	0.15	train
carpet	rug	N	syn	3.27	train
mushroom	fungus	N	hyp-3	5.33	train
hell	inferno	N	syn	3.17	train
happening	linen	N	no-rel	0.09	train
focus	attention	N	hyp-2	4.91	train
orchid	flower	N	hyp-1	5.92	train
pancake	waffle	N	cohyp	1.69	train
microscope	telescope	N	cohyp	1.70	train
noun	verb	N	cohyp	0.00	train
balance	account	N	mero	2.08	train
motion	action	N	hyp-2	4.64	train
caption	technique	N	no-rel	1.00	train
earnestness	sincerity	N	syn	4.14	train
puff	wind	N	hyp-2	2.73	train
unit	group	N	hyp-3	4.15	train
gander	biology	N	no-rel	0.58	train
nine	number	N	hyp-3	5.45	train
quotient	amount	N	hyp-3	4.42	train
walrus	mammal	N	hyp-4	5.90	train
rifle	pistol	N	cohyp	2.23	train
grace	goodness	N	hyp-2	3.55	train
shrub	plant	N	hyp-3	5.54	train
oven	appliance	N	hyp-3	5.90	train
wall	room	N	mero	0.50	train
hand	arm	N	mero	0.09	train
girl	boy	N	ant	0.10	train
existence	being	N	syn	4.69	train
wing	bat	N	mero	0.23	train
boyfriend	lover	N	hyp-1	5.38	train
jury	court	N	mero	1.80	train
leg	knee	N	cohyp	1.23	train
chain	bicycle	N	mero	0.71	train
nicotine	tobacco	N	mero	2.00	train
mother	woman	N	hyp-2	4.93	train
stream	oxygen	N	no-rel	0.46	train
louse	bug	N	cohyp	4.80	train
sunday	weekend	N	mero	3.20	train
bristle	brush	N	mero	2.31	train
worker	farmer	N	r-hyp-3	1.30	train
bulletin	news	N	hyp-2	4.31	train
bridge	cross	N	cohyp	0.77	train
doll	toy	N	hyp-1	5.93	train
beef	cattle	N	hyp-1	4.00	train
architecture	structure	N	hyp-2	3.50	train
treatment	medication	N	r-hyp-3	2.17	train
ceremony	graduation	N	r-hyp-2	1.80	train
enemy	friend	N	ant	0.93	train
alto	voice	N	hyp-2	4.90	train
celery	food	N	hyp-3	5.58	train
house	structure	N	hyp-2	4.82	train
perception	vision	N	r-hyp-2	3.75	train
king	leader	N	hyp-3	5.20	train
elevator	building	N	mero	0.62	train
computer	machine	N	hyp-1	5.90	train
reflection	thought	N	hyp-2	5.80	train
seal	mammal	N	hyp-4	5.15	train
princess	fortune	N	no-rel	1.15	train
belief	superstition	N	r-hyp-1	2.38	train
light	aura	N	r-hyp-1	2.67	train
grit	courage	N	hyp-2	4.08	train
activity	hobby	N	r-hyp-3	4.10	train
prank	joke	N	syn	4.77	train
girl	person	N	hyp-3	5.91	train
compass	instrument	N	hyp-2	4.58	train
paddle	oar	N	hyp-1	3.15	train
chime	bell	N	syn	3.10	train
hope	despair	N	ant	0.17	train
hatchet	tool	N	hyp-4	5.20	train
procedure	tear	N	no-rel	0.08	train
vehicle	car	N	r-hyp-4	0.92	train
brook	stream	N	hyp-1	3.42	train
food	sausage	N	r-hyp-2	1.15	train
monkey	animal	N	hyp-4	6.00	train
lizard	creature	N	hyp-4	5.83	train
shame	disgrace	N	syn	4.33	train
integrity	worker	N	no-rel	0.80	train
submarine	ship	N	hyp-3	3.54	train
jug	jar	N	cohyp	2.40	train
kingdom	territory	N	hyp-3	5.56	train
crayon	marker	N	cohyp	3.43	train
prism	shape	N	hyp-3	4.50	train
anarchy	disorder	N	hyp-1	4.15	train
duck	animal	N	hyp-4	5.92	train
rose	plant	N	hyp-4	5.85	train
charm	appeal	N	syn	5.33	train
chest	body	N	mero	1.18	train
organization	foundation	N	r-hyp-3	2.54	train
mammal	cat	N	r-hyp-4	0.69	train
dirt	grime	N	syn	4.62	train
vet	veteran	N	syn	2.14	train
peach	fruit	N	hyp-2	6.00	train
newspaper	medium	N	hyp-3	4.08	train
crowd	group	N	hyp-3	5.14	train
beverage	beer	N	r-hyp-3	0.40	train
tree	forest	N	mero	0.50	train
theft	crime	N	hyp-2	5.92	train
worker	waitress	N	r-hyp-4	1.00	train
myth	mythology	N	mero	3.45	train
cavity	rat	N	no-rel	0.31	train
noon	day	N	mero	2.55	train
senate	congress	N	mero	2.62	train
island	land	N	hyp-1	5.43	train
street	way	N	hyp-3	3.29	train
trunk	oasis	N	no-rel	0.21	train
rung	ladder	N	mero	1.46	train
knowledge	foresight	N	r-hyp-4	2.60	train
torch	light	N	hyp-1	4.75	train
lobby	silk	N	no-rel	0.60	train
diameter	length	N	hyp-1	4.00	train
doe	animal	N	hyp-4	5.62	train
bet	wager	N	syn	4.25	train
portrait	picture	N	hyp-1	5.90	train
expert	professional	N	r-hyp-2	3.62	train
writing	poem	N	r-hyp-2	1.36	train
adjective	verb	N	cohyp	0.55	train
pig	hog	N	syn	3.40	train
kettle	teapot	N	cohyp	2.55	train
pint	amount	N	hyp-4	5.60	train
champagne	wine	N	hyp-2	4.40	train
palace	home	N	hyp-3	5.50	train
vow	pledge	N	hyp-1	4.92	train
statement	thesis	N	r-hyp-4	3.15	train
nightgown	underwear	N	hyp-2	2.79	train
empire	state	N	cohyp	2.50	train
necklace	bracelet	N	cohyp	0.57	train
material	leather	N	r-hyp-4	1.64	train
material	nylon	N	r-hyp-3	0.85	train
refrigerator	appliance	N	hyp-3	6.00	train
metal	society	N	no-rel	0.10	train
manufacturer	creator	N	hyp-2	5.17	train
animal	elephant	N	r-hyp-4	1.00	train
louse	flea	N	cohyp	2.77	train
water	fluid	N	hyp-2	6.00	train
trance	state	N	hyp-3	5.46	train
balcony	porch	N	cohyp	3.40	train
husband	snake	N	no-rel	0.33	train
silver	gold	N	cohyp	0.67	train
war	conflict	N	hyp-1	5.09	train
nitrogen	hydrogen	N	cohyp	0.20	train
employment	work	N	syn	4.85	train
sight	perception	N	hyp-2	4.85	train
guest	person	N	hyp-3	4.33	train
hammer	tool	N	hyp-2	6.00	train
curve	road	N	mero	1.46	train
seal	kite	N	no-rel	0.08	train
professor	professional	N	hyp-3	5.15	train
limb	extremity	N	hyp-1	4.38	train
tusk	duty	N	no-rel	0.08	train
building	cathedral	N	r-hyp-3	0.38	train
creek	brook	N	syn	2.67	train
seafood	fish	N	cohyp	1.67	train
nightmare	dream	N	hyp-1	5.75	train
sympathy	feeling	N	hyp-1	6.00	train
colonel	officer	N	hyp-3	5.15	train
hat	cap	N	cohyp	4.00	train
attendance	appearance	N	r-hyp-1	3.22	train
prince	captain	N	no-rel	0.89	train
restaurant	diner	N	r-hyp-1	1.85	train
flour	wedding	N	no-rel	0.15	train
cotton	polyester	N	cohyp	1.31	train
princess	royalty	N	mero	5.38	train
ewe	sheep	N	hyp-1	4.58	train
child	daughter	N	r-hyp-2	1.67	train
mayonnaise	food	N	hyp-4	5.54	train
scalpel	instrument	N	hyp-4	4.55	train
rape	crime	N	hyp-3	5.90	train
week	year	N	cohyp	0.62	train
knowledge	instinct	N	r-hyp-3	2.00	train
gorilla	ape	N	hyp-3	5.27	train
dawn	sunset	N	ant	0.54	train
climax	story	N	mero	1.54	train
mate	partner	N	syn	4.91	train
leg	chair	N	mero	0.45	train
fad	trend	N	hyp-2	4.80	train
pike	fish	N	hyp-4	5.23	train
digger	miner	N	cohyp	3.92	train
safety	insurance	N	r-hyp-3	2.73	train
plot	plan	N	hyp-3	4.78	train
gull	bird	N	hyp-4	5.43	train
view	perception	N	hyp-2	4.64	train
feeling	anxiety	N	r-hyp-2	1.20	train
asia	africa	N	cohyp	0.42	train
homework	assignment	N	hyp-2	5.20	train
noun	word	N	hyp-2	5.64	train
pitcher	catcher	N	cohyp	1.20	train
suggestion	hint	N	r-hyp-1	4.22	train
shield	armor	N	hyp-1	5.40	train
custard	building	N	no-rel	0.00	train
gauge	measure	N	hyp-3	3.69	train
book	encyclopedia	N	r-hyp-2	1.33	train
soil	shower	N	no-rel	0.20	train
rain	shower	N	r-hyp-1	3.44	train
back	body	N	mero	2.08	train
lip	tongue	N	cohyp	0.40	train
father	mother	N	ant	0.77	train
letter	symbol	N	hyp-3	5.33	train
owl	animal	N	hyp-4	6.00	train
horse	mammal	N	hyp-4	6.00	train
spoon	fork	N	cohyp	0.83	train
morning	night	N	cohyp	0.50	train
caravan	group	N	hyp-3	3.00	train
bourbon	alcohol	N	hyp-3	5.69	train
tissue	meal	N	no-rel	0.40	train
butterfly	insect	N	hyp-2	5.46	train
author	writer	N	syn	5.00	train
snake	serpent	N	syn	5.31	train
commander	leader	N	hyp-1	5.23	train
hypothesis	idea	N	hyp-2	5.08	train
saw	tool	N	hyp-2	5.92	train
chip	computer	N	mero	1.60	train
hurricane	tornado	N	cohyp	2.17	train
radio	medium	N	hyp-3	3.54	train
leg	thigh	N	cohyp	0.69	train
poison	venom	N	r-hyp-3	2.75	train
spinach	vegetable	N	hyp-1	6.00	train
blade	mower	N	mero	1.38	train
alligator	reptile	N	hyp-3	5.62	train
stove	floor	N	no-rel	0.23	train
quiz	test	N	hyp-1	5.23	train
ozone	atmosphere	N	cohyp	4.46	train
technician	worker	N	hyp-2	5.29	train
absence	presence	N	ant	2.38	train
life	existence	N	hyp-1	5.18	train
avenue	street	N	hyp-1	4.08	train
exercise	activity	N	hyp-4	5.64	train
stump	tree	N	mero	2.73	train
limousine	car	N	hyp-1	5.93	train
cougar	cat	N	hyp-2	5.38	train
vault	bank	N	mero	2.67	train
penguin	bird	N	hyp-4	5.85	train
earth	matter	N	hyp-3	4.23	train
film	sun	N	no-rel	0.31	train
mile	inch	N	cohyp	0.54	train
crab	animal	N	hyp-4	4.36	train
dandruff	flake	N	hyp-2	4.67	train
fig	date	N	cohyp	2.50	train
adjective	word	N	hyp-3	5.77	train
scalpel	tool	N	hyp-4	5.75	train
group	party	N	r-hyp-3	1.67	train
hurricane	storm	N	hyp-3	5.64	train
wife	husband	N	ant	0.77	train
trunk	elephant	N	mero	0.77	train
oxygen	gas	N	hyp-1	5.69	train
drawer	chest	N	mero	1.30	train
ball	game	N	hyp-4	3.15	train
gander	bird	N	hyp-4	4.00	train
walkway	sidewalk	N	r-hyp-1	5.08	train
brother	sister	N	ant	0.91	train
turkey	bird	N	hyp-3	5.83	train
easter	holiday	N	hyp-3	5.85	train
remedy	cause	N	hyp-4	0.62	train
ability	strength	N	r-hyp-2	3.23	train
kangaroo	animal	N	hyp-4	6.00	train
thesaurus	book	N	hyp-3	5.46	train
capacity	limit	N	cohyp	4.77	train
tenor	singer	N	hyp-1	5.45	train
point	score	N	mero	5.00	train
airplane	cannon	N	no-rel	0.46	train
saxophone	treatment	N	no-rel	0.09	train
sport	recreation	N	hyp-1	5.60	train
freeway	road	N	hyp-2	5.55	train
head	tail	N	ant	0.18	train
chest	trunk	N	mero	3.45	train
basketball	sport	N	hyp-3	6.00	train
knife	sword	N	cohyp	3.10	train
liberty	freedom	N	hyp-1	4.09	train
snake	reptile	N	hyp-2	5.55	train
sum	total	N	syn	4.92	train
land	region	N	hyp-1	2.71	train
atmosphere	killer	N	no-rel	1.08	train
agreement	disagreement	N	ant	1.18	train
suede	material	N	hyp-4	5.70	train
analysis	study	N	hyp-4	4.20	train
boat	ship	N	cohyp	4.20	train
tree	wood	N	mero	3.36	train
weed	plant	N	hyp-2	5.54	train
backpack	purse	N	cohyp	1.54	train
bouillon	broth	N	hyp-1	4.27	train
symptom	pain	N	r-hyp-1	1.27	train
mansion	home	N	hyp-2	5.42	train
granite	stone	N	hyp-3	5.90	train
corpse	body	N	hyp-1	4.38	train
canary	feather	N	no-rel	0.42	train
student	pupil	N	syn	5.55	train
peace	truce	N	r-hyp-1	3.83	train
jewelry	earring	N	r-hyp-1	1.31	train
spade	card	N	hyp-2	4.33	train
peanut	nut	N	hyp-2	5.73	train
cut	injury	N	hyp-2	4.80	train
grape	extremity	N	no-rel	0.36	train
unemployment	employment	N	ant	0.46	train
feast	gathering	N	hyp-4	4.40	train
robber	outlaw	N	hyp-2	5.18	train
fleet	navy	N	mero	2.42	train
appliance	dishwasher	N	r-hyp-3	0.90	train
pile	haystack	N	r-hyp-2	1.36	train
story	writing	N	hyp-3	5.00	train
tenor	bass	N	cohyp	1.67	train
tool	shovel	N	r-hyp-2	1.54	train
bath	tub	N	syn	3.38	train
vocabulary	language	N	mero	1.58	train
week	month	N	mero	0.62	train
gallon	measure	N	hyp-4	5.82	train
treasure	possession	N	hyp-4	4.46	train
task	job	N	syn	3.69	train
spouse	marriage	N	mero	1.38	train
dungeon	castle	N	mero	1.43	train
language	communication	N	hyp-1	5.36	train
wheat	cereal	N	hyp-1	4.58	train
cigarette	cigar	N	cohyp	2.92	train
hockey	sentence	N	no-rel	0.71	train
bride	wedding	N	mero	0.80	train
ear	head	N	mero	0.00	train
foot	measure	N	hyp-4	5.08	train
answer	question	N	ant	0.82	train
herd	group	N	hyp-3	5.54	train
onion	garlic	N	cohyp	0.62	train
month	year	N	mero	1.31	train
mechanic	worker	N	hyp-3	5.73	train
castle	home	N	hyp-3	5.20	train
horse	stud	N	r-hyp-3	2.00	train
umbrella	protection	N	hyp-3	4.40	train
aardvark	animal	N	hyp-4	5.92	train
tunnel	passage	N	hyp-2	5.15	train
toaster	appliance	N	hyp-3	5.64	train
character	personality	N	mero	2.38	train
chest	breast	N	syn	2.75	train
egg	architecture	N	no-rel	0.33	train
prisoner	captive	N	syn	5.00	train
burglar	crook	N	hyp-2	5.50	train
elephant	mammal	N	hyp-3	5.83	train
example	instance	N	syn	2.42	train
miner	worker	N	hyp-4	5.46	train
pleasure	pain	N	ant	1.40	train
constitution	document	N	hyp-3	4.60	train
casket	coffin	N	syn	4.46	train
tomato	vegetable	N	hyp-2	1.58	train
professional	expert	N	hyp-2	3.82	train
worker	mason	N	r-hyp-3	1.77	train
whale	mammal	N	hyp-4	5.77	train
pint	measure	N	hyp-4	5.82	train
region	partner	N	no-rel	0.45	train
fig	food	N	hyp-3	5.00	train
sight	sense	N	hyp-2	5.93	train
section	part	N	hyp-2	3.08	train
lip	mouth	N	syn	1.85	train
cactus	plant	N	hyp-3	5.75	train
cat	mammal	N	hyp-4	5.10	train
crow	bird	N	hyp-4	6.00	train
component	element	N	syn	2.31	train
citizen	salesman	N	no-rel	1.15	train
keyboard	arm	N	no-rel	0.54	train
woman	heroine	N	r-hyp-1	1.75	train
racquetball	sport	N	hyp-3	5.42	train
wood	lumber	N	mero	2.15	train
plant	turnip	N	r-hyp-4	0.46	train
garlic	onion	N	cohyp	1.64	train
sister	relation	N	hyp-3	5.45	train
wisdom	knowledge	N	hyp-2	4.85	train
alligator	animal	N	hyp-4	5.85	train
era	time	N	hyp-2	5.31	train
banjo	guitar	N	cohyp	4.00	train
bug	creature	N	hyp-4	5.38	train
wealth	poverty	N	ant	0.43	train
lemon	tree	N	hyp-4	3.45	train
machine	spice	N	no-rel	0.27	train
meal	snack	N	r-hyp-1	1.69	train
van	vehicle	N	hyp-3	5.85	train
director	conductor	N	syn	4.70	train
goose	animal	N	hyp-4	5.85	train
number	eight	N	r-hyp-3	0.64	train
thumb	finger	N	hyp-1	4.77	train
mammal	dog	N	r-hyp-4	1.30	train
response	answer	N	syn	5.33	train
shelf	counter	N	mero	1.91	train
lane	road	N	cohyp	3.25	train
sandwich	food	N	hyp-4	6.00	train
statue	figure	N	hyp-3	4.30	train
paradise	heaven	N	syn	4.55	train
protection	helmet	N	r-hyp-4	1.50	train
chili	food	N	hyp-3	5.89	train
group	legion	N	r-hyp-4	2.00	train
twister	storm	N	hyp-3	4.54	train
geology	science	N	hyp-3	5.40	train
time	space	N	cohyp	1.60	train
pal	buddy	N	syn	5.00	train
feeling	ecstasy	N	r-hyp-3	1.20	train
competition	contest	N	syn	4.90	train
mousse	food	N	hyp-3	5.38	train
artist	creator	N	hyp-1	5.69	train
wave	motion	N	hyp-1	4.33	train
sickness	health	N	ant	2.46	train
reptile	animal	N	hyp-3	5.92	train
spike	shoe	N	mero	2.17	train
servant	slave	N	cohyp	3.00	train
chance	opportunity	N	syn	3.77	train
pocketbook	wallet	N	syn	3.17	train
worker	technician	N	r-hyp-2	3.10	train
south	north	N	cohyp	0.20	train
feeling	empathy	N	r-hyp-2	1.45	train
hail	rain	N	cohyp	3.91	train
machine	computer	N	r-hyp-1	1.46	train
work	homework	N	r-hyp-4	1.92	train
pork	meat	N	hyp-1	5.90	train
radish	vegetable	N	hyp-2	5.75	train
olive	food	N	hyp-4	5.75	train
figure	statue	N	r-hyp-3	2.91	train
graduation	ceremony	N	hyp-2	5.80	train
typewriter	machine	N	hyp-3	5.30	train
gravy	food	N	hyp-3	5.27	train
bicycle	vehicle	N	hyp-2	4.80	train
leg	extremity	N	hyp-2	3.36	train
truce	peace	N	hyp-1	4.80	train
tail	water	N	no-rel	0.31	train
wallet	briefcase	N	cohyp	1.00	train
mosquito	wisdom	N	no-rel	0.38	train
conclusion	beginning	N	ant	0.23	train
ruby	crystal	N	hyp-3	4.50	train
six	seven	N	cohyp	0.31	train
filth	dirt	N	syn	4.33	train
mixture	solution	N	r-hyp-1	4.42	train
wrinkle	skin	N	mero	1.64	train
cathedral	injury	N	no-rel	0.08	train
bat	animal	N	hyp-4	5.71	train
cup	container	N	hyp-1	5.15	train
sorority	organization	N	hyp-3	4.77	train
competence	capability	N	cohyp	3.40	train
weed	venom	N	no-rel	0.22	train
softball	football	N	cohyp	0.58	train
animal	container	N	no-rel	0.30	train
baseball	football	N	cohyp	0.40	train
witch	job	N	no-rel	2.11	train
journal	book	N	hyp-1	5.00	train
worker	carpenter	N	r-hyp-4	1.36	train
cashew	nut	N	hyp-2	4.80	train
picture	painting	N	syn	2.27	train
person	climber	N	r-hyp-3	1.80	train
package	box	N	cohyp	3.18	train
mist	cloud	N	hyp-3	3.38	train
ape	primate	N	hyp-1	5.83	train
competition	race	N	r-hyp-1	1.77	train
appliance	spine	N	no-rel	0.08	train
dolphin	fish	N	hyp-4	2.54	train
notion	constitution	N	no-rel	2.20	train
cloud	sky	N	mero	1.23	train
painting	art	N	hyp-2	5.75	train
canary	bird	N	hyp-4	6.00	train
heel	boot	N	mero	0.80	train
tablet	pill	N	syn	3.92	train
dishwasher	appliance	N	hyp-3	5.69	train
clue	evidence	N	hyp-1	4.77	train
fairytale	story	N	hyp-1	5.92	train
bog	marsh	N	cohyp	4.44	train
meal	supper	N	r-hyp-1	1.77	train
apex	point	N	hyp-2	4.67	train
anatomy	human	N	mero	1.83	train
copper	bronze	N	mero	1.00	train
vegetable	tomato	N	r-hyp-2	1.00	train
flower	bloom	N	syn	2.45	train
competition	calculator	N	no-rel	1.17	train
bathtub	bathroom	N	mero	1.23	train
contract	agreement	N	hyp-2	5.91	train
fiddle	instrument	N	hyp-3	5.70	train
gate	door	N	cohyp	3.92	train
youth	group	N	hyp-3	4.46	train
barracuda	fish	N	hyp-4	5.73	train
waitress	worker	N	hyp-4	5.92	train
lizard	animal	N	hyp-4	5.21	train
arm	extremity	N	hyp-2	4.36	train
penguin	animal	N	hyp-4	5.75	train
novice	beginner	N	syn	4.23	train
plate	spoon	N	cohyp	0.20	train
citizen	person	N	hyp-2	5.18	train
flea	insect	N	hyp-1	5.69	train
blueberry	berry	N	hyp-1	6.00	train
toy	doll	N	r-hyp-1	2.10	train
zucchini	food	N	hyp-4	5.91	train
turnip	plant	N	hyp-4	4.83	train
animal	lamb	N	r-hyp-3	0.93	train
restroom	alligator	N	no-rel	0.25	train
ointment	cure	N	hyp-1	3.69	train
site	location	N	hyp-4	4.31	train
pickle	food	N	hyp-4	5.27	train
sand	beach	N	mero	2.85	train
flute	instrument	N	hyp-3	6.00	train
pan	dish	N	cohyp	3.91	train
summit	peak	N	syn	5.75	train
scallop	food	N	hyp-3	5.89	train
fire	water	N	cohyp	0.20	train
fish	bass	N	r-hyp-4	0.50	train
bean	vegetable	N	hyp-2	4.29	train
antler	deer	N	mero	0.77	train
panther	cat	N	hyp-1	5.70	train
blue	color	N	hyp-2	5.90	train
beer	beverage	N	hyp-3	5.55	train
bruise	wound	N	cohyp	5.00	train
president	leader	N	hyp-4	5.42	train
ham	food	N	hyp-4	5.93	train
utensil	tool	N	cohyp	5.40	train
basketball	activity	N	hyp-4	6.00	train
lamp	table	N	cohyp	0.09	train
ruby	jewel	N	hyp-1	5.92	train
barley	food	N	hyp-3	5.80	train
dog	mammal	N	hyp-4	4.55	train
snack	food	N	hyp-3	4.67	train
rhyme	poem	N	mero	4.33	train
dove	bird	N	hyp-4	5.92	train
project	element	N	no-rel	0.08	train
sheep	herd	N	mero	1.67	train
leadership	layer	N	no-rel	0.27	train
colt	gun	N	hyp-4	4.46	train
schedule	plan	N	hyp-1	4.18	train
person	publisher	N	r-hyp-3	2.23	train
pollution	boat	N	no-rel	0.20	train
treatment	therapy	N	r-hyp-2	2.46	train
mouse	rodent	N	hyp-1	5.83	train
pun	humor	N	hyp-2	4.83	train
skunk	animal	N	hyp-4	6.00	train
butter	cream	N	cohyp	2.69	train
conference	group	N	hyp-4	4.08	train
screwdriver	tool	N	hyp-2	6.00	train
pumpkin	squash	N	hyp-1	3.45	train
aunt	planet	N	no-rel	0.08	train
fraud	deception	N	hyp-2	5.71	train
perfume	deodorant	N	cohyp	2.64	train
gun	rifle	N	r-hyp-2	2.27	train
news	information	N	hyp-1	5.46	train
glass	crystal	N	cohyp	2.83	train
silver	metal	N	hyp-2	5.83	train
deception	fraud	N	r-hyp-2	4.90	train
intestine	stomach	N	mero	1.23	train
aroma	scent	N	syn	4.30	train
father	son	N	cohyp	1.58	train
obstacle	impediment	N	hyp-1	5.00	train
gold	metal	N	hyp-2	5.83	train
strap	bra	N	mero	0.93	train
igloo	hut	N	hyp-1	4.77	train
lipstick	class	N	no-rel	0.21	train
trunk	car	N	mero	0.43	train
gravy	sauce	N	hyp-1	5.73	train
gene	chromosome	N	mero	2.46	train
nylon	material	N	hyp-3	5.85	train
lady	castle	N	no-rel	0.50	train
symbol	letter	N	r-hyp-3	1.54	train
magazine	book	N	cohyp	2.89	train
airplane	aircraft	N	hyp-2	5.75	train
porch	house	N	mero	1.08	train
tongue	throat	N	mero	0.27	train
medium	television	N	r-hyp-3	1.33	train
auto	vehicle	N	hyp-4	1.55	train
choir	group	N	hyp-3	5.23	train
mud	dirt	N	hyp-1	4.77	train
attorney	lawyer	N	syn	4.54	train
tomorrow	yesterday	N	cohyp	1.33	train
shadow	light	N	ant	1.69	train
priest	rabbi	N	cohyp	2.09	train
maid	girl	N	hyp-1	3.57	train
antidote	cure	N	hyp-1	5.46	train
act	drama	N	mero	3.62	train
flashlight	agency	N	no-rel	0.31	train
bassinet	cradle	N	cohyp	3.58	train
skillet	pan	N	hyp-1	5.70	train
kitchen	unit	N	hyp-4	1.77	train
wife	art	N	no-rel	0.23	train
ending	end	N	syn	3.30	train
oregano	food	N	hyp-4	3.58	train
note	message	N	hyp-3	5.40	train
comment	answer	N	cohyp	4.00	train
food	pie	N	r-hyp-3	0.92	train
bandanna	cloth	N	hyp-3	4.75	train
comma	punctuation	N	hyp-1	5.67	train
tool	screwdriver	N	r-hyp-2	1.08	train
cotton	wool	N	cohyp	2.40	train
conflict	war	N	r-hyp-1	3.67	train
calculus	math	N	hyp-2	6.00	train
silk	satin	N	cohyp	2.00	train
gangster	gang	N	mero	1.42	train
pony	horse	N	hyp-1	4.75	train
liver	organ	N	hyp-2	5.92	train
judgment	verdict	N	r-hyp-2	4.54	train
guilt	feeling	N	hyp-4	5.60	train
snake	animal	N	hyp-4	5.25	train
star	symbol	N	hyp-3	4.91	train
noun	adjective	N	cohyp	0.50	train
haze	fog	N	syn	4.70	train
storm	typhoon	N	r-hyp-3	2.00	train
poetry	prose	N	cohyp	3.64	train
nun	softball	N	no-rel	0.08	train
pluto	planet	N	hyp-2	5.00	train
tragedy	comedy	N	ant	0.45	train
idol	person	N	hyp-4	2.57	train
virtue	quality	N	hyp-2	5.17	train
orange	fruit	N	hyp-3	6.00	train
staff	group	N	hyp-3	3.77	train
symptom	disease	N	mero	0.85	train
magazine	publication	N	hyp-1	4.82	train
omelet	food	N	hyp-3	5.85	train
couch	sofa	N	syn	4.30	train
sibling	family	N	mero	4.77	train
nitrogen	element	N	hyp-1	5.75	train
lake	water	N	hyp-1	5.09	train
horn	instrument	N	hyp-3	5.15	train
violin	cello	N	cohyp	1.55	train
squash	food	N	hyp-3	5.67	train
mink	animal	N	hyp-4	5.50	train
sickness	illness	N	syn	4.15	train
phase	stage	N	syn	4.33	train
jet	plane	N	hyp-1	5.25	train
protein	meat	N	mero	1.18	train
migraine	pain	N	hyp-3	5.42	train
officer	police	N	mero	3.83	train
stethoscope	instrument	N	hyp-2	5.60	train
protein	egg	N	mero	0.46	train
cricket	game	N	hyp-4	5.00	train
pillow	padding	N	hyp-2	4.17	train
bass	fish	N	hyp-4	5.77	train
lime	fruit	N	hyp-3	5.82	train
price	worth	N	hyp-2	4.20	train
fraternity	club	N	hyp-1	5.46	train
sunset	sunrise	N	ant	0.31	train
conversation	communication	N	hyp-3	6.00	train
bone	tissue	N	hyp-3	1.23	train
forest	jungle	N	r-hyp-1	3.20	train
wing	skin	N	no-rel	0.60	train
bread	football	N	no-rel	0.08	train
bean	food	N	hyp-4	5.83	train
tree	plant	N	hyp-3	5.18	train
container	flask	N	r-hyp-3	1.10	train
ritual	custom	N	hyp-1	4.46	train
verdict	judgment	N	hyp-2	5.80	train
head	pin	N	mero	1.08	train
mushroom	food	N	hyp-3	5.44	train
bulletin	message	N	hyp-4	5.33	train
bucket	container	N	hyp-2	6.00	train
vault	chamber	N	hyp-2	5.15	train
agreement	bench	N	no-rel	0.15	train
label	sign	N	hyp-3	4.40	train
circumstance	situation	N	hyp-2	3.85	train
salmon	fish	N	hyp-2	6.00	train
absence	medicine	N	no-rel	0.38	train
chairperson	leader	N	hyp-2	4.83	train
communication	language	N	r-hyp-1	3.23	train
idol	sword	N	no-rel	0.29	train
screwdriver	ghost	N	no-rel	0.08	train
cord	line	N	hyp-1	3.29	train
jesus	god	N	hyp-4	3.50	train
price	value	N	hyp-1	4.55	train
server	waitress	N	r-hyp-1	3.85	train
fame	glory	N	cohyp	4.75	train
meter	measure	N	hyp-4	5.90	train
spade	shovel	N	hyp-2	5.08	train
university	school	N	cohyp	5.77	train
bride	gathering	N	no-rel	0.33	train
day	week	N	cohyp	0.75	train
appliance	microwave	N	r-hyp-3	2.00	train
lock	door	N	mero	0.67	train
shoulder	body	N	mero	1.92	train
nun	monk	N	cohyp	2.89	train
shrimp	seafood	N	hyp-1	6.00	train
caffeine	tea	N	mero	1.15	train
hedge	fence	N	hyp-1	3.92	train
boy	kid	N	hyp-2	5.42	train
marble	rock	N	hyp-1	5.00	train
killer	murderer	N	r-hyp-1	5.00	train
bar	pub	N	mero	4.92	train
safety	danger	N	ant	0.25	train
superstition	belief	N	hyp-1	4.15	train
mouth	universe	N	no-rel	0.29	train
place	area	N	hyp-2	4.77	train
spot	mark	N	hyp-1	4.89	train
psychology	science	N	hyp-1	5.27	train
orchid	plant	N	hyp-4	5.45	train
proof	evidence	N	hyp-1	5.30	train
procedure	operation	N	syn	3.67	train
marrow	bone	N	cohyp	2.30	train
pipe	organ	N	mero	3.00	train
auto	car	N	syn	1.90	train
arithmetic	math	N	hyp-2	5.10	train
cupboard	closet	N	syn	3.23	train
nephew	niece	N	ant	0.50	train
wing	bird	N	mero	0.69	train
finger	glove	N	mero	0.62	train
family	home	N	syn	2.25	train
darkness	light	N	ant	0.90	train
haven	shelter	N	hyp-1	2.64	train
fault	failure	N	hyp-2	2.67	train
citrus	tree	N	hyp-3	3.42	train
crew	group	N	hyp-3	5.64	train
extension	addition	N	hyp-1	3.25	train
threshold	door	N	mero	2.00	train
corporal	officer	N	hyp-2	4.80	train
sport	activity	N	hyp-2	5.60	train
lieutenant	officer	N	hyp-3	4.38	train
union	group	N	hyp-3	5.67	train
principle	idea	N	hyp-2	3.25	train
lecture	class	N	mero	5.08	train
leather	material	N	hyp-4	5.54	train
legislature	government	N	mero	3.58	train
foresight	wisdom	N	hyp-4	4.15	train
geometry	math	N	hyp-2	5.46	train
puddle	water	N	hyp-1	3.42	train
manner	style	N	syn	2.54	train
panel	board	N	syn	4.62	train
jaw	face	N	mero	0.73	train
armor	attic	N	no-rel	0.08	train
amateur	heaven	N	no-rel	0.36	train
animal	rat	N	r-hyp-4	0.00	train
joy	sorrow	N	ant	0.69	train
cobra	snake	N	hyp-2	5.45	train
road	avenue	N	r-hyp-3	1.27	train
happiness	emotion	N	hyp-2	5.90	train
sonnet	poem	N	hyp-1	5.38	train
religion	belief	N	hyp-1	4.58	train
performance	seat	N	no-rel	0.09	train
medication	medicine	N	syn	5.00	train
conflict	disagreement	N	r-hyp-1	5.20	train
elbow	joint	N	hyp-3	4.31	train
lunch	breakfast	N	cohyp	0.09	train
mob	group	N	hyp-3	5.18	train
club	organization	N	hyp-4	5.46	train
cathedral	building	N	hyp-3	5.69	train
cone	shape	N	hyp-2	5.83	train
gun	weapon	N	hyp-1	5.92	train
instinct	knowledge	N	hyp-3	2.86	train
dinosaur	animal	N	hyp-4	4.92	train
diner	restaurant	N	hyp-1	5.55	train
saturn	venus	N	cohyp	0.77	train
snack	meal	N	hyp-1	5.30	train
pasta	salad	N	cohyp	2.55	train
ivy	plant	N	hyp-3	5.40	train
tennis	activity	N	hyp-4	5.42	train
rock	boulder	N	r-hyp-1	2.00	train
kidney	organ	N	hyp-3	5.92	train
device	phone	N	r-hyp-4	1.38	train
pope	leader	N	hyp-2	5.22	train
knife	dagger	N	r-hyp-1	2.92	train
task	chore	N	syn	4.30	train
bolt	lock	N	mero	5.50	train
strength	ability	N	hyp-2	4.90	train
scrap	piece	N	hyp-1	4.30	train
keyboard	organ	N	mero	3.23	train
soil	ground	N	hyp-1	4.62	train
punishment	reward	N	ant	1.08	train
whale	cricket	N	no-rel	0.08	train
cure	remedy	N	syn	4.69	train
chair	furniture	N	hyp-2	6.00	train
herb	food	N	hyp-4	4.00	train
jungle	forest	N	hyp-1	4.75	train
chain	bucket	N	no-rel	0.00	train
bunny	rabbit	N	hyp-1	3.91	train
lieutenant	courage	N	no-rel	0.54	train
macaroni	food	N	hyp-2	5.45	train
customer	person	N	hyp-3	5.45	train
twig	branch	N	hyp-1	4.46	train
wall	department	N	no-rel	0.40	train
fingernail	finger	N	mero	0.90	train
producer	maker	N	hyp-1	4.56	train
aspirin	drug	N	hyp-3	5.92	train
square	circle	N	cohyp	0.42	train
cow	animal	N	hyp-4	6.00	train
material	rubber	N	r-hyp-4	0.77	train
jaw	bone	N	hyp-1	4.91	train
hatchet	ax	N	hyp-1	4.73	train
animal	duck	N	r-hyp-4	1.00	train
paddy	rice	N	hyp-1	1.54	train
christ	jesus	N	syn	2.27	train
ascent	descent	N	ant	1.00	train
clerk	worker	N	hyp-2	5.31	train
share	stock	N	mero	3.14	train
crossing	road	N	mero	2.08	train
mushroom	monster	N	no-rel	0.09	train
mammal	dolphin	N	r-hyp-4	0.64	train
yolk	egg	N	mero	1.20	train
hobby	interest	N	hyp-1	4.82	train
speaker	person	N	hyp-3	4.25	train
heaven	hell	N	ant	0.40	train
adverb	noun	N	cohyp	1.00	train
boy	child	N	hyp-2	5.77	train
penny	coin	N	hyp-1	5.73	train
toll	fee	N	hyp-1	5.60	train
earring	ring	N	cohyp	1.70	train
ground	land	N	syn	4.73	train
starboard	toilet	N	no-rel	0.15	train
jealousy	feeling	N	hyp-4	5.58	train
tennis	recreation	N	hyp-4	4.69	train
triangle	shape	N	hyp-4	5.70	train
remorse	repentance	N	r-hyp-1	2.10	train
task	duty	N	hyp-1	3.92	train
iron	steel	N	mero	3.33	train
rubber	material	N	hyp-4	5.62	train
haystack	pile	N	hyp-2	5.08	train
goal	achievement	N	hyp-4	4.71	train
twelve	number	N	hyp-3	6.00	train
data	information	N	syn	5.18	train
video	television	N	mero	1.45	train
math	science	N	hyp-1	3.62	train
juice	milk	N	cohyp	0.33	train
collar	neck	N	mero	0.73	train
glass	cup	N	cohyp	4.43	train
reminiscence	memory	N	hyp-1	4.09	train
lily	plant	N	hyp-4	5.64	train
flour	bread	N	mero	0.25	train
farmer	worker	N	hyp-3	5.64	train
cauliflower	food	N	hyp-4	5.86	train
game	chess	N	r-hyp-3	1.69	train
hair	mammal	N	mero	1.00	train
meatball	food	N	hyp-3	5.93	train
chemistry	knife	N	no-rel	0.50	train
medication	saxophone	N	no-rel	0.00	train
worker	mechanic	N	r-hyp-3	1.31	train
hamburger	food	N	hyp-4	5.85	train
beaver	animal	N	hyp-4	5.85	train
brain	motion	N	no-rel	0.08	train
mother	father	N	ant	0.69	train
gas	automobile	N	mero	1.20	train
forehead	face	N	mero	1.54	train
egg	milk	N	cohyp	0.18	train
runner	athlete	N	hyp-1	5.14	train
organ	kidney	N	r-hyp-3	1.17	train
steak	food	N	hyp-3	5.85	train
toe	foot	N	mero	0.22	train
three	six	N	cohyp	1.80	train
animal	beast	N	syn	3.40	train
blossom	kangaroo	N	no-rel	0.15	train
elm	oak	N	cohyp	1.50	train
flask	bottle	N	hyp-1	5.30	train
astronomy	science	N	hyp-3	5.92	train
saber	sword	N	hyp-2	5.40	train
rainbow	sky	N	mero	0.82	train
director	supervisor	N	hyp-1	5.08	train
broth	food	N	hyp-4	5.92	train
keyboard	typewriter	N	mero	2.86	train
cherry	fruit	N	hyp-2	5.92	train
detail	point	N	syn	2.33	train
gravity	force	N	hyp-2	5.70	train
person	nomad	N	r-hyp-3	1.54	train
smog	achievement	N	no-rel	0.50	train
science	anatomy	N	r-hyp-4	0.45	train
country	region	N	hyp-3	2.40	train
neighborhood	area	N	hyp-1	5.09	train
king	queen	N	ant	0.43	train
flower	orchid	N	r-hyp-1	2.15	train
homework	project	N	hyp-3	3.36	train
department	organization	N	hyp-4	2.90	train
outside	inside	N	ant	0.23	train
male	female	N	ant	1.08	train
medication	treatment	N	hyp-3	4.83	train
grape	food	N	hyp-3	5.90	train
shelf	closet	N	mero	1.31	train
club	fraternity	N	r-hyp-1	2.08	train
submarine	vessel	N	hyp-4	5.15	train
mussel	seafood	N	hyp-2	5.33	train
front	rear	N	ant	0.30	train
enemy	crocodile	N	no-rel	0.20	train
formula	baker	N	no-rel	0.55	train
crater	volcano	N	mero	1.00	train
clerk	calculus	N	no-rel	0.64	train
hawk	eagle	N	cohyp	1.00	train
oak	necklace	N	no-rel	0.15	train
fear	tenor	N	no-rel	0.17	train
morning	intelligence	N	no-rel	0.17	train
mistake	ruler	N	no-rel	0.15	train
deck	ship	N	mero	0.31	train
mammal	elephant	N	r-hyp-3	0.33	train
refrigerator	ball	N	no-rel	0.10	train
lunch	violin	N	no-rel	0.15	train
oak	pine	N	cohyp	0.83	train
response	question	N	ant	0.77	train
pepper	salt	N	cohyp	0.79	train
peanut	cashew	N	cohyp	1.00	train
hydrogen	helium	N	cohyp	0.50	train
cheese	butter	N	cohyp	0.85	train
scribble	write	V	hyp-1	4.91	train
remark	slay	V	no-rel	0.64	train
shatter	break	V	hyp-2	5.15	train
inspect	search	V	cohyp	3.80	train
magnify	increase	V	hyp-3	4.17	train
slay	kill	V	hyp-1	5.55	train
retain	keep	V	hyp-3	5.33	train
decompose	decay	V	syn	5.33	train
flip	defend	V	no-rel	0.23	train
inform	update	V	r-hyp-1	3.80	train
snatch	catch	V	cohyp	3.31	train
move	sway	V	r-hyp-2	4.20	train
ponder	think	V	hyp-1	5.64	train
accelerate	increase	V	hyp-2	5.00	train
build	break	V	ant	0.64	train
overwhelm	defeat	V	hyp-2	2.85	train
write	talk	V	cohyp	1.58	train
assume	think	V	cohyp	4.38	train
move	stay	V	ant	0.31	train
return	send	V	hyp-3	3.00	train
recommend	advise	V	hyp-1	4.00	train
release	hold	V	ant	1.38	train
evaluate	reflect	V	no-rel	4.08	train
take	have	V	hyp-4	2.17	train
pour	spill	V	cohyp	2.08	train
punch	hit	V	hyp-1	4.85	train
pull	push	V	ant	0.54	train
unload	remove	V	hyp-2	4.45	train
debate	talk	V	hyp-2	4.69	train
purchase	buy	V	syn	4.45	train
create	build	V	r-hyp-1	3.77	train
look	glance	V	r-hyp-1	4.54	train
add	calculate	V	hyp-1	5.23	train
blame	drink	V	no-rel	0.08	train
pull	tug	V	r-hyp-1	4.00	train
advance	take	V	no-rel	1.42	train
touch	pinch	V	r-hyp-3	1.31	train
swim	run	V	cohyp	0.55	train
stir	turn	V	cohyp	2.86	train
analyze	waste	V	no-rel	0.42	train
rationalize	argue	V	hyp-2	3.08	train
remove	unload	V	r-hyp-2	4.17	train
swap	change	V	hyp-1	4.17	train
claim	say	V	hyp-3	2.71	train
fade	diminish	V	hyp-2	5.00	train
unite	marry	V	r-hyp-1	3.85	train
promise	climb	V	no-rel	0.08	train
grab	take	V	hyp-2	4.50	train
squint	look	V	hyp-1	4.69	train
understand	evaluate	V	hyp-3	2.38	train
calculate	deliver	V	no-rel	0.70	train
elect	select	V	hyp-1	4.75	train
recall	remember	V	syn	5.23	train
tell	recommend	V	r-hyp-3	2.83	train
talk	debate	V	r-hyp-2	4.00	train
admit	buy	V	no-rel	0.27	train
save	crash	V	no-rel	0.43	train
show	tell	V	hyp-3	2.64	train
direct	aim	V	hyp-1	3.40	train
limp	walk	V	hyp-1	4.40	train
assume	presume	V	syn	3.27	train
grasp	hold	V	hyp-1	5.43	train
accelerate	build	V	no-rel	0.57	train
differ	agree	V	ant	0.77	train
forget	diminish	V	no-rel	1.27	train
sit	lounge	V	r-hyp-1	3.92	train
presume	think	V	hyp-3	4.11	train
hide	develop	V	no-rel	0.20	train
control	hold	V	r-hyp-3	2.67	train
pray	communicate	V	hyp-2	2.90	train
decline	descend	V	hyp-2	2.50	train
put	give	V	hyp-4	1.80	train
demand	request	V	hyp-1	3.91	train
urge	suggest	V	hyp-1	3.77	train
smash	crush	V	syn	4.80	train
appear	happen	V	hyp-2	1.46	train
pull	tow	V	r-hyp-3	3.36	train
pause	run	V	no-rel	0.09	train
strike	miss	V	ant	1.57	train
stink	smell	V	hyp-2	4.50	train
smash	crash	V	cohyp	3.62	train
erode	tease	V	no-rel	1.00	train
split	tear	V	hyp-1	3.70	train
destroy	taste	V	no-rel	0.20	train
leave	control	V	no-rel	1.07	train
disintegrate	burn	V	cohyp	3.25	train
select	pick	V	r-hyp-1	4.85	train
dominate	control	V	hyp-1	4.46	train
warn	advise	V	hyp-1	5.75	train
pat	touch	V	hyp-2	5.36	train
protect	defend	V	hyp-1	4.70	train
capture	seize	V	hyp-1	5.50	train
criticize	remark	V	hyp-2	5.00	train
reserve	keep	V	hyp-3	4.09	train
closing	finish	V	hyp-1	4.67	train
grab	touch	V	hyp-3	4.30	train
hold	control	V	hyp-3	2.45	train
reject	deny	V	r-hyp-2	4.40	train
admit	deny	V	ant	0.79	train
reduce	shrink	V	syn	3.82	train
hesitate	wait	V	hyp-2	4.85	train
trail	follow	V	hyp-2	4.31	train
speak	scream	V	r-hyp-2	1.60	train
move	evict	V	r-hyp-3	2.46	train
disperse	separate	V	hyp-1	4.27	train
smother	kill	V	hyp-1	4.40	train
recall	ask	V	hyp-4	2.40	train
glance	stare	V	cohyp	2.10	train
ride	walk	V	ant	0.85	train
fade	vanish	V	hyp-1	4.46	train
erode	deteriorate	V	cohyp	4.42	train
persuade	change	V	hyp-3	4.44	train
acknowledge	ignore	V	ant	0.50	train
take	keep	V	hyp-3	2.57	train
change	swap	V	r-hyp-1	5.50	train
look	evaluate	V	hyp-4	4.50	train
annihilate	kill	V	hyp-1	5.00	train
unite	join	V	hyp-1	4.80	train
hurt	upset	V	hyp-1	4.33	train
retreat	descend	V	cohyp	2.55	train
clarify	explain	V	hyp-1	4.92	train
rise	fall	V	ant	0.31	train
blow	annihilate	V	no-rel	2.23	train
build	create	V	hyp-1	5.21	train
giggle	laugh	V	hyp-1	5.18	train
slide	move	V	hyp-1	5.08	train
shiver	shake	V	hyp-2	4.60	train
dismiss	repress	V	no-rel	2.83	train
shift	change	V	hyp-1	5.09	train
gulp	swallow	V	cohyp	5.43	train
tease	perform	V	no-rel	1.75	train
beg	sip	V	no-rel	0.45	train
accelerate	admit	V	no-rel	0.23	train
develop	make	V	hyp-2	4.46	train
drift	float	V	syn	2.73	train
count	evaluate	V	hyp-4	3.67	train
gain	get	V	hyp-1	4.62	train
ask	recall	V	r-hyp-4	1.50	train
flee	run	V	hyp-1	4.75	train
accept	deny	V	ant	0.55	train
wipe	catch	V	no-rel	0.45	train
succeed	fail	V	ant	0.46	train
say	claim	V	r-hyp-3	2.10	train
reserve	hold	V	hyp-4	4.73	train
deny	reject	V	hyp-2	3.92	train
draw	create	V	hyp-2	5.27	train
address	talk	V	hyp-4	3.23	train
argue	rationalize	V	r-hyp-2	2.67	train
bump	grind	V	cohyp	1.00	train
advance	retreat	V	ant	1.00	train
inspect	examine	V	hyp-1	4.55	train
crave	desire	V	hyp-1	4.85	train
reprimand	scold	V	syn	5.00	train
nag	complain	V	hyp-1	5.31	train
move	tow	V	r-hyp-4	2.08	train
suggest	say	V	hyp-2	3.75	train
deteriorate	forget	V	no-rel	2.31	train
attack	remove	V	no-rel	1.14	train
deny	crush	V	no-rel	1.31	train
wipe	rub	V	hyp-1	4.08	train
borrow	bother	V	no-rel	0.77	train
cast	show	V	hyp-2	1.80	train
cook	burn	V	cohyp	2.29	train
give	take	V	ant	0.93	train
describe	explain	V	hyp-4	4.30	train
tease	annoy	V	hyp-3	4.62	train
swear	promise	V	hyp-3	4.85	train
allow	attach	V	no-rel	1.00	train
scramble	mix	V	cohyp	4.46	train
receive	obtain	V	syn	5.27	train
separate	split	V	syn	4.07	train
advise	talk	V	hyp-3	4.67	train
collect	spin	V	no-rel	0.09	train
lounge	sit	V	hyp-1	4.30	train
instruct	inform	V	hyp-1	4.31	train
tug	pull	V	hyp-1	4.77	train
explain	express	V	hyp-2	3.92	train
bother	affect	V	hyp-1	4.17	train
erupt	explode	V	hyp-1	4.69	train
munch	chew	V	hyp-1	4.18	train
hate	reflect	V	no-rel	2.50	train
tow	pull	V	hyp-3	5.18	train
snatch	take	V	hyp-2	5.15	train
defend	protect	V	r-hyp-1	5.08	train
reappear	show	V	cohyp	3.38	train
break	shatter	V	r-hyp-2	3.33	train
embrace	hold	V	hyp-3	5.10	train
aim	direct	V	r-hyp-1	5.00	train
sprinkle	pour	V	cohyp	2.23	train
collect	obtain	V	cohyp	5.00	train
run	jump	V	cohyp	0.71	train
prohibit	disallow	V	syn	5.00	train
do	be	V	hyp-4	1.75	train
hitchhike	travel	V	hyp-3	4.00	train
ascend	rise	V	hyp-1	4.58	train
pause	break	V	hyp-2	4.90	train
blow	pop	V	cohyp	2.20	train
look	squint	V	r-hyp-1	2.17	train
hold	hug	V	r-hyp-3	3.75	train
compound	mix	V	r-hyp-1	3.00	train
suggest	tell	V	hyp-2	4.11	train
chew	grind	V	hyp-1	2.46	train
bother	tease	V	r-hyp-3	1.91	train
wed	marry	V	syn	4.91	train
separate	detach	V	r-hyp-2	4.42	train
take	kidnap	V	r-hyp-2	4.40	train
exercise	work	V	hyp-3	3.00	train
disguise	hide	V	hyp-1	5.00	train
strike	blow	V	cohyp	4.45	train
marry	unite	V	hyp-1	4.92	train
glare	reflect	V	hyp-1	3.62	train
shake	shiver	V	r-hyp-2	3.27	train
discover	find	V	syn	5.00	train
reap	get	V	hyp-3	4.31	train
keep	reserve	V	r-hyp-3	4.83	train
update	inform	V	hyp-1	3.64	train
break	crunch	V	r-hyp-4	3.75	train
erode	decay	V	hyp-1	5.08	train
search	examine	V	hyp-2	4.15	train
defrost	thaw	V	hyp-1	4.62	train
veer	turn	V	hyp-1	4.38	train
yell	speak	V	hyp-2	5.30	train
humiliate	hurt	V	hyp-1	5.07	train
smear	smudge	V	syn	5.00	train
talk	address	V	r-hyp-4	4.00	train
stew	cook	V	hyp-1	5.57	train
burst	erupt	V	r-hyp-1	4.20	train
hum	whistle	V	cohyp	1.14	train
ask	beg	V	cohyp	2.69	train
tease	bother	V	hyp-3	4.42	train
swim	sink	V	ant	0.64	train
kill	smother	V	r-hyp-1	1.42	train
desire	separate	V	no-rel	0.17	train
remove	move	V	hyp-2	3.69	train
buzz	fly	V	hyp-1	1.92	train
suppose	guess	V	syn	4.08	train
recycle	waste	V	cohyp	0.90	train
console	comfort	V	syn	5.71	train
blush	tan	V	cohyp	0.42	train
testify	tell	V	hyp-2	4.58	train
unload	move	V	hyp-4	3.73	train
jog	run	V	hyp-1	4.31	train
tote	carry	V	hyp-1	2.55	train
catch	capture	V	syn	3.91	train
spin	turn	V	hyp-2	5.00	train
invent	create	V	hyp-2	5.64	train
recommend	tell	V	hyp-3	3.92	train
catch	seize	V	hyp-1	3.00	train
disallow	smear	V	no-rel	0.50	train
flush	rinse	V	hyp-1	3.64	train
deny	forget	V	hyp-4	1.50	train
observe	watch	V	hyp-1	5.15	train
decay	erode	V	r-hyp-1	4.40	train
launch	send	V	cohyp	3.64	train
snatch	grab	V	cohyp	5.36	train
borrow	lend	V	ant	1.77	train
add	subtract	V	ant	0.46	train
mix	integrate	V	r-hyp-2	4.77	train
whisper	talk	V	hyp-1	5.50	train
glance	look	V	hyp-1	5.08	train
excuse	pardon	V	syn	3.80	train
descend	create	V	no-rel	1.10	train
touch	pat	V	r-hyp-2	3.73	train
assume	judge	V	hyp-2	3.69	train
understand	accept	V	hyp-2	2.45	train
acknowledge	accept	V	hyp-1	3.50	train
toss	throw	V	hyp-2	4.92	train
drag	pull	V	hyp-1	4.62	train
irritate	spend	V	no-rel	0.31	train
develop	learn	V	hyp-1	3.17	train
hit	run	V	cohyp	1.14	train
stink	dismiss	V	no-rel	0.62	train
acknowledge	admit	V	syn	4.23	train
tell	testify	V	r-hyp-2	4.09	train
reflect	think	V	hyp-1	4.67	train
sway	move	V	hyp-2	4.77	train
sip	drink	V	hyp-1	4.92	train
cook	stew	V	r-hyp-1	1.38	train
toss	pause	V	no-rel	0.08	train
climb	descend	V	ant	0.70	train
swallow	sell	V	no-rel	0.09	train
grasp	crunch	V	no-rel	1.00	train
knock	rap	V	hyp-1	4.00	train
ascend	leave	V	cohyp	1.08	train
help	add	V	no-rel	0.78	train
make	build	V	syn	5.09	train
decay	deteriorate	V	r-hyp-1	4.69	train
frustrate	irritate	V	hyp-2	4.62	train
look	stretch	V	no-rel	0.86	train
announce	say	V	hyp-1	4.55	train
drift	move	V	hyp-1	5.15	train
wait	seize	V	no-rel	0.23	train
pinch	touch	V	hyp-3	4.85	train
bend	turn	V	hyp-1	4.25	train
sell	buy	V	ant	0.92	train
suspect	think	V	hyp-4	2.80	train
learn	judge	V	no-rel	0.77	train
boil	freeze	V	ant	0.30	train
set	swing	V	r-hyp-3	0.83	train
run	control	V	hyp-3	2.91	train
decline	accept	V	ant	0.70	train
design	draw	V	cohyp	3.38	train
sit	stand	V	ant	0.55	train
get	increase	V	no-rel	2.60	train
urge	tell	V	hyp-3	2.60	train
pretend	dunk	V	no-rel	0.18	train
gain	burst	V	no-rel	0.69	train
observe	tan	V	no-rel	0.09	train
blow	strike	V	cohyp	3.58	train
evict	move	V	hyp-3	2.77	train
hitchhike	call	V	no-rel	0.92	train
bother	count	V	no-rel	0.38	train
show	unite	V	no-rel	0.33	train
break	explain	V	no-rel	0.54	train
stop	begin	V	ant	0.23	train
accept	allow	V	r-hyp-1	3.55	train
toss	annoy	V	no-rel	0.36	train
sausage	food	N	hyp-2	5.80	val
peach	pear	N	cohyp	0.43	val
pitchfork	tool	N	hyp-2	5.50	val
curb	side	N	hyp-2	3.15	val
aroma	sleeve	N	no-rel	0.10	val
competence	ability	N	hyp-1	4.64	val
wife	woman	N	hyp-1	4.57	val
tin	aluminum	N	cohyp	1.57	val
tangerine	fruit	N	hyp-4	5.70	val
ankle	leg	N	mero	1.00	val
mongoose	animal	N	hyp-4	5.00	val
minority	toilet	N	no-rel	0.00	val
avenue	road	N	hyp-3	4.83	val
love	feeling	N	hyp-2	6.00	val
vinegar	acid	N	hyp-3	4.75	val
cape	cloak	N	hyp-1	5.00	val
pain	symptom	N	hyp-1	5.31	val
prune	fruit	N	hyp-3	5.10	val
flu	sickness	N	hyp-3	5.55	val
shirt	microscope	N	no-rel	0.15	val
story	tale	N	syn	5.36	val
cigarette	tobacco	N	hyp-2	3.92	val
fish	shark	N	r-hyp-3	0.80	val
threshold	edge	N	hyp-1	3.38	val
shock	reaction	N	hyp-2	5.92	val
alcohol	substance	N	hyp-3	5.50	val
tombstone	grave	N	mero	4.50	val
maroon	color	N	hyp-4	5.90	val
ape	mammal	N	hyp-3	5.92	val
sandwich	meal	N	mero	4.31	val
vanity	conceit	N	syn	2.92	val
ham	meat	N	hyp-3	5.79	val
suitcase	luggage	N	hyp-1	5.92	val
gander	goose	N	hyp-1	3.17	val
star	galaxy	N	mero	1.00	val
emperor	ruler	N	hyp-2	5.46	val
crevice	space	N	hyp-2	4.09	val
daughter	child	N	hyp-2	5.62	val
horn	car	N	mero	0.85	val
medicine	profession	N	hyp-2	4.15	val
seal	animal	N	hyp-4	5.82	val
drum	instrument	N	hyp-2	5.70	val
fluid	water	N	r-hyp-2	1.67	val
squad	group	N	hyp-4	5.00	val
measure	gallon	N	r-hyp-4	0.82	val
heel	thigh	N	no-rel	0.09	val
trumpet	instrument	N	hyp-3	5.92	val
perch	roost	N	mero	3.60	val
valve	heart	N	mero	1.30	val
water	puddle	N	r-hyp-1	2.00	val
elimination	process	N	hyp-4	4.50	val
bucket	barrel	N	cohyp	2.14	val
wardrobe	closet	N	syn	3.73	val
lid	eye	N	mero	1.08	val
smog	pollution	N	hyp-2	6.00	val
navigator	sailor	N	hyp-3	4.20	val
vehicle	truck	N	r-hyp-4	0.73	val
hamburger	sandwich	N	hyp-1	4.50	val
foundation	organization	N	hyp-3	4.00	val
monster	beast	N	hyp-4	5.20	val
dope	pot	N	syn	4.00	val
instrument	scalpel	N	r-hyp-4	1.50	val
antidote	medicine	N	hyp-2	4.77	val
commander	lieutenant	N	cohyp	2.50	val
victor	loser	N	ant	0.58	val
trench	ditch	N	hyp-1	5.21	val
zipper	pants	N	mero	0.09	val
meeting	conference	N	r-hyp-1	2.90	val
cabin	house	N	hyp-1	5.17	val
mother	female	N	hyp-3	5.42	val
clay	brick	N	mero	3.20	val
turkey	meat	N	hyp-3	5.80	val
soul	music	N	hyp-3	5.80	val
lamb	animal	N	hyp-3	6.00	val
stomach	abdomen	N	syn	2.38	val
bird	gander	N	r-hyp-4	0.64	val
cherry	grape	N	cohyp	0.62	val
talent	ability	N	hyp-3	3.40	val
mattress	bed	N	mero	2.42	val
south	direction	N	hyp-3	5.60	val
lord	lady	N	ant	1.30	val
stage	robber	N	no-rel	0.20	val
feather	bird	N	mero	0.27	val
ruler	emperor	N	r-hyp-2	2.57	val
biology	science	N	hyp-3	6.00	val
square	rectangle	N	hyp-1	3.00	val
publication	magazine	N	r-hyp-1	3.67	val
employee	employer	N	ant	0.54	val
inability	ability	N	ant	1.73	val
county	country	N	cohyp	1.15	val
stool	beginning	N	no-rel	0.10	val
speech	language	N	syn	3.67	val
monk	adversary	N	no-rel	0.36	val
wrist	arm	N	mero	0.09	val
ballerina	dancer	N	hyp-2	6.00	val
pedal	bicycle	N	mero	1.17	val
star	shell	N	no-rel	1.08	val
parent	child	N	ant	1.40	val
sphere	globe	N	r-hyp-1	3.27	val
bishop	king	N	cohyp	1.31	val
loft	attic	N	syn	3.15	val
flannel	material	N	hyp-1	5.64	val
poem	sonnet	N	r-hyp-1	1.82	val
disagreement	conflict	N	hyp-1	5.27	val
food	barley	N	r-hyp-3	1.23	val
duty	obligation	N	syn	4.91	val
week	beginning	N	no-rel	1.36	val
group	staff	N	r-hyp-3	2.33	val
deny	refuse	V	hyp-2	5.15	val
soothe	comfort	V	syn	5.36	val
tell	suggest	V	r-hyp-2	3.29	val
accept	restore	V	no-rel	0.69	val
speak	knock	V	no-rel	0.58	val
depart	arrive	V	ant	1.08	val
tow	tell	V	no-rel	0.15	val
fail	operate	V	no-rel	0.73	val
pick	select	V	hyp-1	4.80	val
perform	talk	V	no-rel	1.80	val
educate	inform	V	hyp-2	4.77	val
fix	attach	V	hyp-1	3.40	val
snooze	nap	V	hyp-1	4.69	val
renounce	change	V	hyp-4	3.86	val
allow	accept	V	hyp-1	4.00	val
recruit	get	V	hyp-4	4.08	val
wait	hesitate	V	r-hyp-2	3.60	val
hold	wait	V	hyp-3	3.67	val
rearrange	move	V	hyp-3	4.83	val
insult	hurt	V	hyp-1	5.50	val
defeat	renounce	V	hyp-4	1.25	val
chuck	toss	V	syn	4.77	val
radish	carrot	N	cohyp	0.09	test
swing	push	V	cohyp	1.83	test
rhyme	dinner	N	no-rel	0.00	test
glass	cabinet	N	no-rel	1.92	test
geology	study	N	hyp-4	5.38	test
nitrogen	oxygen	N	cohyp	0.31	test
reason	cause	N	syn	3.46	test
chipmunk	squirrel	N	hyp-1	1.69	test
topic	theme	N	syn	3.71	test
crane	bird	N	hyp-3	5.30	test
winter	season	N	hyp-1	5.83	test
chair	bench	N	cohyp	2.36	test
bat	club	N	hyp-1	3.60	test
annoy	tease	V	r-hyp-3	3.70	test
rearrange	organize	V	cohyp	5.00	test
technique	knowledge	N	hyp-4	2.55	test
spouse	mate	N	syn	4.67	test
jupiter	pluto	N	cohyp	0.33	test
perch	fish	N	hyp-4	3.69	test
canoe	boat	N	hyp-2	6.00	test
cue	clue	N	syn	2.23	test
talk	communicate	V	hyp-1	5.55	test
subtraction	mansion	N	no-rel	0.00	test
chain	link	N	cohyp	4.00	test
sub	submarine	N	syn	1.92	test
liver	biologist	N	no-rel	0.23	test
authority	power	N	hyp-2	5.46	test
shore	beach	N	cohyp	2.00	test
stoplight	signal	N	hyp-2	5.40	test
theft	addition	N	no-rel	1.00	test
mustache	hair	N	hyp-2	4.55	test
hall	passage	N	hyp-3	5.10	test
sickle	tool	N	hyp-4	4.69	test
infant	baby	N	syn	3.75	test
empire	kingdom	N	cohyp	4.00	test
desire	attack	V	no-rel	0.43	test
group	choir	N	r-hyp-3	1.46	test
range	stove	N	syn	3.62	test
rubber	eraser	N	hyp-1	4.09	test
communication	conversation	N	r-hyp-3	2.42	test
washer	appliance	N	hyp-3	5.64	test
tub	bathroom	N	mero	0.90	test
swan	trip	N	no-rel	0.08	test
learn	develop	V	r-hyp-1	3.92	test
mission	assignment	N	hyp-1	5.08	test
liquor	gin	N	r-hyp-1	0.83	test
sunset	evening	N	mero	2.00	test
daughter	son	N	ant	1.18	test
cent	dollar	N	mero	0.62	test
speech	lecture	N	r-hyp-1	3.90	test
encyclopedia	book	N	hyp-2	5.36	test
picture	image	N	syn	5.00	test
digger	worker	N	hyp-4	4.50	test
period	puberty	N	r-hyp-2	2.90	test
liquid	substance	N	hyp-2	5.38	test
lettuce	food	N	hyp-4	5.83	test
instrument	piano	N	r-hyp-2	0.33	test
emotion	feeling	N	hyp-1	4.67	test
snap	pop	V	cohyp	2.80	test
wine	grape	N	mero	0.83	test
idea	suggestion	N	r-hyp-1	2.38	test
suppose	think	V	hyp-3	5.42	test
jeep	vehicle	N	hyp-4	5.91	test
integrate	mix	V	hyp-2	5.50	test
pistol	weapon	N	hyp-3	5.77	test
legion	group	N	hyp-4	4.60	test
hip	body	N	mero	1.40	test
crab	food	N	hyp-3	5.46	test
crush	demolish	V	syn	5.00	test
beast	monster	N	r-hyp-4	3.69	test
grass	marrow	N	no-rel	0.38	test
column	paper	N	mero	0.77	test
ear	employee	N	no-rel	0.45	test
hustle	move	V	hyp-1	4.60	test
designer	creator	N	hyp-1	5.40	test
alto	tenor	N	cohyp	0.91	test
cherry	tree	N	hyp-3	4.30	test
faith	religion	N	syn	2.08	test
goal	chisel	N	no-rel	0.27	test
sidewalk	path	N	hyp-2	5.25	test
queen	shower	N	no-rel	0.27	test
volleyball	sport	N	hyp-3	6.00	test
kidnap	take	V	hyp-2	4.69	test
oatmeal	food	N	hyp-3	6.00	test
sphere	shape	N	hyp-2	5.91	test
divide	obtain	V	no-rel	0.83	test
abdomen	belly	N	syn	2.31	test
novel	fiction	N	hyp-1	3.46	test
pan	utensil	N	hyp-3	2.69	test
swallow	waste	V	no-rel	0.90	test
limousine	vehicle	N	hyp-4	6.00	test
adverb	word	N	hyp-3	5.25	test
history	jewel	N	no-rel	0.23	test
path	leopard	N	no-rel	0.20	test
atlas	book	N	hyp-2	4.82	test
sorrow	father	N	no-rel	0.17	test
man	woman	N	ant	0.36	test
ancestor	father	N	r-hyp-4	2.50	test
fungus	plant	N	cohyp	2.85	test
friend	foe	N	ant	0.79	test
rooster	chicken	N	hyp-1	4.10	test
shake	sink	V	no-rel	0.31	test
coleslaw	food	N	hyp-4	5.55	test
animal	reptile	N	r-hyp-3	0.70	test
blush	clarify	V	no-rel	0.20	test
writing	story	N	r-hyp-3	2.46	test
person	idol	N	r-hyp-4	1.82	test
banjo	instrument	N	hyp-2	6.00	test
mate	marriage	N	mero	1.62	test
policeman	law	N	mero	2.67	test
boy	man	N	hyp-1	2.27	test
perform	sing	V	r-hyp-2	2.64	test
heart	intellect	N	no-rel	0.55	test
mistake	error	N	syn	5.10	test
rib	animal	N	no-rel	0.21	test
anisette	alcohol	N	hyp-2	3.23	test
potato	vegetable	N	hyp-2	5.38	test
operation	spirit	N	no-rel	0.15	test
brother	fraternity	N	mero	1.85	test
coffee	milk	N	cohyp	0.27	test
blackberry	fruit	N	hyp-3	5.82	test
hip	joint	N	hyp-3	4.69	test
hood	cap	N	syn	1.70	test
fish	valve	N	no-rel	0.00	test
point	sword	N	mero	0.45	test
evaluate	judge	V	hyp-1	4.36	test
officer	corporal	N	r-hyp-2	0.73	test
painter	artist	N	hyp-1	5.77	test
shovel	pail	N	cohyp	0.33	test
mixture	variety	N	syn	4.92	test
sing	perform	V	hyp-2	5.23	test
marriage	status	N	hyp-3	5.00	test
girl	child	N	hyp-2	5.33	test
flask	container	N	hyp-3	5.62	test
maple	tree	N	hyp-2	5.82	test
wag	move	V	hyp-3	4.08	test
flu	illness	N	hyp-3	5.80	test
tusk	elephant	N	mero	1.50	test
sob	cry	V	hyp-1	5.56	test
sirloin	meat	N	hyp-2	5.00	test
ax	tool	N	hyp-4	5.31	test
squeeze	hold	V	hyp-3	5.00	test
shark	fish	N	hyp-3	5.80	test
go	dismiss	V	r-hyp-4	1.43	test
king	ruler	N	hyp-2	5.25	test
party	group	N	hyp-3	4.69	test
forget	deny	V	r-hyp-4	1.62	test
elbow	arm	N	mero	1.23	test
point	needle	N	mero	0.82	test
dinner	drawer	N	no-rel	0.00	test
darkness	flannel	N	no-rel	0.23	test
tractor	vehicle	N	hyp-3	5.62	test
fortune	wealth	N	hyp-2	3.20	test
turn	differ	V	no-rel	2.70	test
trigger	gun	N	mero	0.57	test
nail	claw	N	cohyp	3.80	test
attach	connect	V	hyp-1	5.71	test
atlas	encyclopedia	N	cohyp	4.60	test
history	study	N	hyp-2	4.58	test
sell	acknowledge	V	no-rel	0.64	test
pelt	throw	V	hyp-1	4.67	test
wing	airplane	N	mero	0.62	test
biscuit	citrus	N	no-rel	0.23	test
executive	chief	N	hyp-1	5.40	test
smear	wipe	V	cohyp	4.10	test
tooth	saw	N	mero	1.85	test
twilight	wealth	N	no-rel	0.18	test
marriage	needle	N	no-rel	0.08	test
thought	belief	N	hyp-1	3.08	test
misery	sorrow	N	cohyp	4.92	test
deteriorate	decay	V	hyp-1	4.62	test
symphony	music	N	hyp-4	5.10	test
stair	stairway	N	mero	1.69	test
soap	cleaner	N	hyp-1	5.45	test
come	leave	V	cohyp	0.92	test
jazz	music	N	hyp-2	5.77	test
attack	assault	V	syn	4.77	test
hammock	bed	N	hyp-1	5.00	test
boyfriend	girlfriend	N	cohyp	0.79	test
tuba	instrument	N	hyp-2	5.85	test
cauliflower	broccoli	N	cohyp	0.09	test
enemy	opponent	N	hyp-1	5.20	test
schedule	list	N	hyp-1	4.42	test
ascend	climb	V	cohyp	4.38	test
ancestor	parent	N	r-hyp-3	3.70	test
construct	make	V	hyp-1	5.00	test
trombone	instrument	N	hyp-3	5.90	test
grandma	grandparent	N	hyp-1	6.00	test
queen	royalty	N	mero	5.93	test
hobby	activity	N	hyp-3	4.27	test
yarn	thread	N	syn	4.62	test
recreation	activity	N	hyp-1	4.27	test
stool	toilet	N	mero	1.00	test
marry	join	V	hyp-2	3.55	test
person	speaker	N	r-hyp-3	2.50	test
stone	jewelry	N	mero	2.69	test
cradle	crib	N	cohyp	5.00	test
graph	chart	N	cohyp	5.00	test
overwhelm	overcome	V	syn	2.85	test
scream	speak	V	hyp-2	3.69	test
professional	amateur	N	ant	0.23	test
person	guest	N	r-hyp-3	1.73	test
beat	defeat	V	hyp-1	4.62	test
vessel	vehicle	N	hyp-2	3.83	test
elect	pick	V	cohyp	5.23	test
science	discipline	N	hyp-1	4.20	test
rice	food	N	hyp-3	6.00	test
anxiety	feeling	N	hyp-2	5.93	test
climber	person	N	hyp-3	3.00	test
argument	conflict	N	hyp-1	4.92	test
buggy	vehicle	N	hyp-4	4.92	test
baseball	game	N	hyp-4	6.00	test
animal	message	N	no-rel	0.18	test
carrot	food	N	hyp-4	5.89	test
traitor	thief	N	cohyp	1.58	test
knit	weave	V	cohyp	3.92	test
cloak	coat	N	cohyp	5.21	test
engine	train	N	mero	1.75	test
inmate	convict	N	syn	5.25	test
goal	success	N	hyp-2	4.00	test
barrier	wall	N	r-hyp-2	4.64	test
venom	poison	N	hyp-3	4.75	test
closet	room	N	hyp-1	3.92	test
mussel	scallop	N	cohyp	2.85	test
reach	construct	V	no-rel	0.40	test
swimmer	runner	N	cohyp	0.58	test
soil	dirt	N	syn	4.62	test
back	shoulder	N	cohyp	1.69	test
calculus	lettuce	N	no-rel	0.67	test
destroy	kill	V	r-hyp-1	3.92	test
trim	fit	V	hyp-2	3.15	test
inch	measure	N	hyp-4	5.36	test
prism	pyramid	N	cohyp	3.38	test
attention	focus	N	r-hyp-2	5.10	test
methodist	baptist	N	cohyp	2.54	test
shine	glow	V	r-hyp-1	3.91	test
car	train	N	mero	1.67	test
jar	container	N	hyp-2	5.50	test
banquet	party	N	hyp-2	5.36	test
porpoise	whale	N	hyp-3	1.08	test
divide	add	V	cohyp	0.83	test
pie	food	N	hyp-3	5.40	test
foe	adversary	N	hyp-1	4.86	test
dolphin	oxygen	N	no-rel	0.14	test
keep	give	V	hyp-4	0.38	test
job	activity	N	hyp-1	4.77	test
freezer	refrigerator	N	hyp-2	2.15	test
lodge	home	N	hyp-3	5.25	test
oxygen	water	N	mero	0.46	test
opponent	adversary	N	syn	4.85	test
finger	thumb	N	r-hyp-1	0.64	test
chief	executive	N	r-hyp-1	4.18	test
destiny	stream	N	no-rel	0.38	test
bit	portion	N	hyp-1	3.82	test
calf	animal	N	hyp-3	5.38	test
war	anatomy	N	no-rel	0.67	test
building	skyscraper	N	r-hyp-1	2.38	test
cashier	person	N	hyp-1	4.46	test
alley	way	N	hyp-4	3.85	test
jar	bottle	N	cohyp	3.08	test
outline	sketch	N	cohyp	4.50	test
periscope	submarine	N	mero	1.40	test
rat	animal	N	hyp-4	6.00	test
singer	evidence	N	no-rel	0.00	test
stag	deer	N	hyp-2	4.62	test
saucer	dish	N	syn	5.00	test
monopoly	game	N	hyp-3	5.82	test
picture	television	N	mero	0.64	test
feed	starve	V	ant	0.50	test
change	persuade	V	r-hyp-3	2.83	test
seat	throne	N	r-hyp-3	3.57	test
crib	treatment	N	no-rel	0.31	test
creature	bug	N	r-hyp-4	2.23	test
reach	increase	V	no-rel	2.07	test
furniture	recliner	N	r-hyp-4	1.64	test
blaze	flame	N	hyp-1	2.50	test
beard	goat	N	mero	0.92	test
human	mammal	N	hyp-4	5.90	test
spine	backbone	N	syn	4.64	test
poem	writing	N	hyp-2	5.67	test
blame	accuse	V	cohyp	4.55	test
glide	float	V	cohyp	3.11	test
take	snatch	V	r-hyp-2	4.55	test
chamber	cell	N	cohyp	3.00	test
boulder	rock	N	hyp-1	5.50	test
custard	food	N	hyp-3	5.79	test
foot	leg	N	mero	1.17	test
wing	angel	N	mero	0.67	test
line	ointment	N	no-rel	0.15	test
gauze	bandage	N	mero	4.90	test
overwhelm	upset	V	cohyp	3.64	test
problem	difficulty	N	hyp-1	4.25	test
purse	handbag	N	syn	5.58	test
guilt	innocence	N	ant	0.45	test
cake	food	N	hyp-3	5.82	test
sidewalk	walkway	N	hyp-1	5.08	test
publisher	person	N	hyp-3	3.62	test
water	substance	N	hyp-4	4.55	test
shrub	bush	N	syn	4.92	test
gallon	pint	N	cohyp	1.17	test
tissue	skin	N	r-hyp-3	2.62	test
cattle	herd	N	mero	3.64	test
tornado	storm	N	hyp-3	4.50	test
shell	husk	N	hyp-2	2.69	test
walnut	tree	N	hyp-3	3.85	test
brand	type	N	cohyp	3.43	test
vest	shirt	N	cohyp	3.60	test
travel	hitchhike	V	r-hyp-3	1.38	test
glow	shine	V	hyp-1	4.67	test
nucleus	atom	N	mero	1.15	test
butcher	baker	N	cohyp	0.50	test
integrity	honesty	N	hyp-1	4.58	test
foot	plant	N	no-rel	0.42	test
west	direction	N	hyp-3	5.85	test
ounce	measure	N	hyp-4	5.67	test
creation	beginning	N	hyp-1	4.00	test
refuse	stop	V	no-rel	4.00	test
mouse	animal	N	hyp-4	5.71	test
desert	oasis	N	cohyp	1.55	test
model	example	N	syn	3.00	test
bouillon	food	N	hyp-4	4.85	test
observe	stop	V	no-rel	0.50	test
myth	fiction	N	hyp-2	5.15	test
dunk	dip	V	syn	4.38	test
sit	lie	V	ant	1.21	test
surgeon	doctor	N	hyp-1	5.18	test
green	yellow	N	cohyp	1.25	test
painting	washer	N	no-rel	0.40	test
charity	kindness	N	hyp-2	5.10	test
detach	attach	V	ant	1.00	test
erupt	burst	V	hyp-1	4.00	test
pistol	gun	N	hyp-2	5.92	test
crossing	turtle	N	no-rel	0.18	test
vision	perception	N	hyp-2	2.29	test
sister	sorority	N	mero	1.07	test
reader	person	N	hyp-2	4.46	test
duty	task	N	r-hyp-1	3.00	test
breast	chest	N	mero	3.20	test
address	stand	V	no-rel	1.42	test
musk	scent	N	hyp-1	5.62	test
officer	law	N	mero	3.08	test
shape	prism	N	r-hyp-3	1.62	test
whale	cave	N	no-rel	0.10	test
delay	hurry	V	ant	0.27	test
way	path	N	syn	4.67	test
cuff	sleeve	N	mero	2.64	test
daughter	female	N	hyp-2	4.80	test
eyeball	eye	N	mero	2.17	test
seagull	bird	N	hyp-4	6.00	test
get	recruit	V	r-hyp-4	3.18	test
son	daughter	N	ant	0.91	test
taxi	cab	N	syn	3.75	test
insect	mosquito	N	r-hyp-2	1.08	test
technology	knowledge	N	hyp-4	4.27	test
beef	cow	N	cohyp	1.31	test
give	let	V	hyp-1	2.54	test
person	citizen	N	r-hyp-2	3.10	test
science	math	N	r-hyp-1	1.10	test
pork	hog	N	mero	2.15	test
squid	octopus	N	cohyp	2.27	test
trunk	tree	N	mero	1.00	test
swan	animal	N	hyp-4	5.85	test
deny	repress	V	hyp-4	3.73	test
pastry	food	N	hyp-4	5.30	test
swing	set	V	hyp-3	0.62	test
skin	tissue	N	hyp-3	4.70	test
frustration	anger	N	hyp-2	5.15	test
violin	viola	N	cohyp	1.83	test
hurt	insult	V	r-hyp-1	3.92	test
strawberry	fruit	N	hyp-3	6.00	test
profit	loss	N	ant	0.11	test
popcorn	food	N	hyp-4	5.85	test
hammer	cancer	N	no-rel	0.31	test
pleasure	herd	N	no-rel	0.00	test
skyscraper	building	N	hyp-1	5.92	test
fault	mistake	N	syn	3.86	test
faculty	school	N	mero	2.27	test
pronoun	word	N	hyp-2	5.64	test
pardon	persuade	V	no-rel	1.00	test
pavement	street	N	mero	2.69	test
educate	teach	V	hyp-1	5.50	test
screwdriver	hammer	N	cohyp	0.82	test
olympics	event	N	hyp-4	5.80	test
blame	put	V	no-rel	0.58	test
plant	animal	N	cohyp	0.08	test
zucchini	squash	N	hyp-3	4.38	test
biscuit	cookie	N	syn	3.08	test
shovel	tool	N	hyp-2	5.82	test
eight	number	N	hyp-3	5.77	test
sum	amount	N	syn	3.64	test
dismiss	go	V	hyp-4	2.38	test
tablet	medicine	N	hyp-2	4.75	test
wit	humor	N	syn	5.07	test
bedroom	home	N	mero	0.70	test
fruit	cherry	N	r-hyp-2	0.69	test
stack	pile	N	hyp-1	3.58	test
helmet	protection	N	hyp-4	5.18	test
pedal	bike	N	mero	0.54	test
weapon	sword	N	r-hyp-1	1.64	test
haystack	winner	N	no-rel	0.15	test
speaker	hell	N	no-rel	0.23	test
hamper	hold	V	hyp-2	2.00	test
leader	king	N	r-hyp-3	2.73	test
heel	shoe	N	mero	2.15	test
smash	destroy	V	hyp-1	5.25	test
society	people	N	hyp-4	2.00	test
kid	parent	N	ant	0.31	test
silk	fabric	N	hyp-1	5.69	test
bowl	plate	N	cohyp	2.00	test
weapon	dagger	N	r-hyp-2	1.14	test
beer	alcohol	N	hyp-2	5.85	test
oboe	instrument	N	hyp-4	6.00	test
lollipop	candy	N	hyp-1	5.91	test
door	entrance	N	hyp-1	5.15	test
chimpanzee	gorilla	N	cohyp	2.08	test
hornet	wasp	N	hyp-2	3.00	test
weed	grass	N	syn	2.86	test
refuse	deny	V	r-hyp-2	4.54	test
keyboard	computer	N	mero	1.54	test
back	front	N	ant	0.46	test
billboard	sign	N	hyp-1	5.20	test
move	hustle	V	r-hyp-1	2.70	test
give	send	V	hyp-3	3.92	test
duck	bird	N	hyp-4	5.75	test
pier	bridge	N	mero	1.58	test
invent	make	V	hyp-2	4.29	test
biologist	chemist	N	cohyp	1.69	test
haul	carry	V	hyp-1	5.10	test
flake	snow	N	mero	2.20	test
notion	idea	N	hyp-1	4.54	test
chorus	song	N	mero	2.42	test
think	suspect	V	r-hyp-4	2.50	test
weakness	strength	N	ant	2.00	test
sliver	piece	N	hyp-3	2.85	test
touch	grab	V	r-hyp-3	2.77	test
beaker	cup	N	hyp-1	3.77	test
portion	amount	N	hyp-3	5.25	test
bowl	bowling	N	mero	2.31	test
king	monarch	N	hyp-1	5.46	test
impression	avenue	N	no-rel	0.08	test
abuse	mistreat	V	syn	5.30	test
creature	wolf	N	r-hyp-4	0.83	test
adult	child	N	cohyp	0.36	test
calculator	computer	N	syn	5.60	test
creation	event	N	hyp-3	2.85	test
tissue	bridge	N	no-rel	0.40	test
twine	string	N	syn	4.60	test
date	appointment	N	mero	4.67	test
alley	road	N	hyp-3	4.58	test
antler	horn	N	hyp-1	5.30	test
renounce	shake	V	no-rel	1.10	test
detergent	cleaner	N	hyp-1	5.42	test
cricket	sport	N	hyp-4	5.62	test
bury	cover	V	cohyp	3.54	test
advise	teach	V	cohyp	4.50	test
add	multiply	V	cohyp	0.73	test
lean	lay	V	hyp-1	1.50	test
boulevard	road	N	hyp-3	4.93	test
pitchfork	mixture	N	no-rel	0.60	test
football	ball	N	hyp-1	5.62	test
motorcycle	vehicle	N	hyp-4	5.91	test
selection	process	N	hyp-3	4.30	test
bottle	container	N	hyp-2	5.85	test
foresight	knowledge	N	hyp-4	3.90	test
thief	crook	N	hyp-1	5.43	test
tissue	bone	N	r-hyp-3	1.20	test
abdomen	body	N	mero	1.79	test
party	event	N	hyp-3	5.60	test
female	bracelet	N	no-rel	0.08	test
algebra	math	N	hyp-2	6.00	test
clerk	person	N	hyp-3	5.38	test
rub	wipe	V	r-hyp-1	5.17	test
goat	kid	N	r-hyp-1	2.85	test
move	unload	V	r-hyp-4	2.17	test
pine	tree	N	hyp-3	5.85	test
otter	animal	N	hyp-4	5.90	test
raisin	fruit	N	hyp-3	5.42	test
pudding	dessert	N	hyp-1	5.23	test
bugle	instrument	N	hyp-3	6.00	test
pea	food	N	hyp-4	5.69	test
amateur	possession	N	no-rel	0.42	test
road	highway	N	r-hyp-1	2.58	test
army	defense	N	mero	4.00	test
gorilla	primate	N	hyp-4	5.92	test
ability	leadership	N	r-hyp-1	2.17	test
service	mistake	N	no-rel	0.33	test
animal	mammal	N	r-hyp-3	0.75	test
praise	approval	N	hyp-1	5.23	test
satan	god	N	cohyp	1.91	test
wood	forest	N	syn	1.91	test
letter	mail	N	mero	4.91	test
welfare	benefit	N	syn	5.43	test
street	shrimp	N	no-rel	0.08	test
delay	show	V	no-rel	0.09	test
gathering	feast	N	r-hyp-4	1.27	test
scalpel	canary	N	no-rel	0.36	test
competence	war	N	no-rel	0.46	test
blackberry	food	N	hyp-4	6.00	test
celery	lettuce	N	cohyp	1.14	test
breeze	wind	N	hyp-1	4.92	test
laugh	cry	V	ant	0.62	test
octopus	creature	N	hyp-4	5.67	test
rabbit	animal	N	hyp-4	6.00	test
violin	fiddle	N	syn	3.17	test
headache	symptom	N	hyp-3	5.27	test
coleslaw	salad	N	hyp-1	3.31	test
division	group	N	hyp-2	4.10	test
stream	line	N	hyp-1	1.23	test
signal	stoplight	N	r-hyp-2	1.77	test
transplant	move	V	hyp-2	5.08	test
pyramid	shape	N	hyp-3	5.62	test
furniture	chair	N	r-hyp-2	1.00	test
kid	goat	N	hyp-1	3.91	test
allow	return	V	no-rel	1.08	test
worker	labor	N	mero	1.82	test
salesman	person	N	hyp-4	5.25	test
relationship	relation	N	hyp-1	2.77	test
universe	world	N	syn	1.54	test
hundred	number	N	hyp-3	6.00	test
salary	wage	N	syn	4.86	test
robber	darkness	N	no-rel	0.86	test
chapel	temple	N	cohyp	4.36	test
subtract	multiply	V	cohyp	0.69	test
operate	control	V	hyp-3	5.50	test
biscuit	food	N	hyp-4	5.77	test
teacher	professional	N	hyp-2	5.69	test
stretch	pull	V	hyp-1	4.07	test
stocking	pantyhose	N	mero	4.54	test
instrument	guitar	N	r-hyp-2	0.18	test
automobile	vehicle	N	hyp-4	5.75	test
occupation	job	N	syn	3.73	test
property	possession	N	hyp-1	4.46	test
shoulder	elbow	N	cohyp	0.92	test
crunch	break	V	hyp-4	4.75	test
harp	instrument	N	hyp-3	5.92	test
bone	jaw	N	r-hyp-1	1.09	test
chamber	fairytale	N	no-rel	0.54	test
pink	purple	N	cohyp	0.92	test
shower	rain	N	hyp-1	3.62	test
typhoon	storm	N	hyp-3	5.92	test
acid	shell	N	no-rel	0.00	test
flashlight	lamp	N	hyp-2	3.55	test
princess	prince	N	cohyp	1.70	test
foe	enemy	N	syn	5.83	test
honey	sugar	N	cohyp	3.40	test
sandal	shoe	N	hyp-1	5.80	test
street	boulevard	N	r-hyp-1	2.31	test
chimney	swan	N	no-rel	0.29	test
value	amount	N	hyp-1	3.58	test
structure	architecture	N	r-hyp-2	3.20	test
peace	war	N	ant	0.08	test
graft	piece	N	hyp-4	2.30	test
ray	beam	N	syn	4.91	test
letter	sign	N	hyp-4	1.09	test
doorway	entrance	N	hyp-1	5.58	test
jesus	lord	N	hyp-3	4.08	test
poverty	discipline	N	no-rel	0.45	test
cotton	material	N	hyp-4	5.77	test
renounce	defeat	V	r-hyp-4	2.46	test
saturn	planet	N	hyp-2	5.36	test
joint	elbow	N	r-hyp-3	0.64	test
missile	rocket	N	hyp-1	4.00	test
supper	meal	N	hyp-1	5.14	test
tow	move	V	hyp-4	4.42	test
unite	divide	V	ant	1.00	test
proprietor	person	N	hyp-4	5.08	test
impression	act	N	hyp-4	3.60	test
stage	platform	N	hyp-1	5.64	test
state	region	N	hyp-3	5.00	test
person	cashier	N	r-hyp-1	1.00	test
dive	swim	V	hyp-1	4.15	test
selection	choice	N	syn	4.82	test
piano	instrument	N	hyp-2	5.92	test
coach	carriage	N	syn	3.86	test
plant	flower	N	r-hyp-4	2.54	test
reason	intellect	N	syn	4.62	test
restroom	toilet	N	hyp-1	3.46	test
explorer	scientist	N	cohyp	3.33	test
repentance	remorse	N	hyp-1	4.58	test
limit	boundary	N	syn	4.46	test
bench	seat	N	hyp-1	5.82	test
waterfall	river	N	mero	1.73	test
scent	fragrance	N	syn	3.55	test
crew	gang	N	syn	3.46	test
furniture	bed	N	r-hyp-2	1.58	test
wick	candle	N	mero	1.10	test
illness	health	N	ant	1.92	test
clam	food	N	hyp-3	4.92	test
plane	craft	N	hyp-3	5.44	test
note	sorority	N	no-rel	0.27	test
lingerie	underwear	N	hyp-1	5.70	test
shrimp	lobster	N	cohyp	2.09	test
ceremony	funeral	N	r-hyp-1	1.75	test
milk	liquid	N	hyp-2	5.92	test
clay	pottery	N	mero	4.00	test
ruby	emerald	N	cohyp	1.00	test
corpse	throne	N	no-rel	0.08	test
gas	car	N	mero	0.62	test
cop	officer	N	hyp-1	5.20	test
prince	royalty	N	mero	5.91	test
celery	vegetable	N	hyp-1	5.83	test
vanish	fade	V	r-hyp-1	4.15	test
softball	sport	N	hyp-4	5.73	test
squash	vegetable	N	hyp-1	5.77	test
water	ice	N	mero	2.08	test
opening	entrance	N	hyp-1	3.69	test
yogurt	food	N	hyp-3	5.77	test
axon	neuron	N	mero	2.82	test
fury	anger	N	hyp-1	4.80	test
ghost	spirit	N	hyp-2	5.00	test
clove	plant	N	hyp-4	5.08	test
mammal	animal	N	hyp-3	6.00	test
beverage	soda	N	r-hyp-2	0.62	test
talk	advise	V	r-hyp-3	3.54	test
dawn	day	N	cohyp	2.70	test
dinner	food	N	hyp-3	2.91	test
dinosaur	creature	N	hyp-4	5.00	test
detach	separate	V	hyp-2	4.91	test
hockey	sport	N	hyp-4	6.00	test
floor	ground	N	hyp-1	4.69	test
art	sculpture	N	r-hyp-2	1.77	test
game	event	N	hyp-3	3.54	test
catcher	player	N	hyp-4	4.64	test
restore	break	V	cohyp	0.38	test
prestige	status	N	hyp-2	3.64	test
foot	inch	N	cohyp	2.08	test
elephant	officer	N	no-rel	0.23	test
bagel	food	N	hyp-4	6.00	test
sunrise	sunset	N	ant	0.45	test
compute	calculate	V	syn	5.00	test
microwave	appliance	N	hyp-3	6.00	test
grasshopper	cricket	N	cohyp	1.73	test
ruler	dictator	N	r-hyp-1	3.73	test
reap	gain	V	hyp-1	3.92	test
rose	wine	N	hyp-1	4.50	test
corn	food	N	hyp-3	5.62	test
mix	compound	V	hyp-1	3.00	test
sport	ax	N	no-rel	0.09	test
hug	hold	V	hyp-3	5.23	test
throw	toss	V	r-hyp-2	4.70	test
separate	divide	V	syn	5.15	test
cricket	animal	N	hyp-4	3.91	test
water	air	N	cohyp	0.50	test
kill	destroy	V	hyp-1	5.17	test
umbrella	ice	N	no-rel	0.08	test
hammer	pound	N	syn	2.54	test
throat	neck	N	cohyp	2.00	test
hold	hamper	V	r-hyp-2	1.46	test
crocodile	animal	N	hyp-4	6.00	test
flip	jump	V	cohyp	3.60	test
luggage	suitcase	N	r-hyp-1	2.27	test
wool	cloth	N	hyp-1	4.80	test
rifle	gun	N	hyp-2	5.90	test
earring	jewelry	N	hyp-1	5.82	test
concert	event	N	hyp-4	5.73	test
